external_gene_name,log2FoldChange,padj,baseMean
ART3,9.882887706,8.38E-16,842.1975841
SLC26A9,6.782068699,2.34E-15,250.6837324
MSLN,7.390596984,2.18E-11,4773.840717
NLRP2,5.738057903,3.92E-11,1868.494069
DOK7,-4.320231143,6.47E-11,3183.227704
,22.70406121,3.92E-10,37.1304771
PPP1R3B-DT,6.531041612,6.87E-10,739.6392757
,22.27257946,7.69E-10,32.50926454
CYP2B7P,-5.747967294,7.69E-10,1488.960217
SMC1B,5.771979972,1.54E-09,629.8187092
LMNTD2-AS1,-3.397096139,1.92E-09,3505.029538
CHODL-AS2,5.95180994,2.12E-09,74.36329266
ROPN1,7.086526899,2.14E-09,208.104972
COL9A1,6.301813817,2.32E-09,194.1914641
NA,4.658596182,2.32E-09,74.33614532
PROB1,-3.764106944,2.34E-09,1907.959616
HORMAD1,7.486903078,2.63E-09,339.9834777
DPF3,4.399126336,3.44E-09,254.4404834
COL19A1,6.411397596,4.63E-09,184.4363945
NBPF20,1.745957334,4.78E-09,600.9330181
FOXCUT,7.441951369,5.00E-09,508.8028791
MT-TL2,3.602434958,6.12E-09,45.17884199
PDCL3P5,4.814962806,7.89E-09,79.4926175
,6.334768273,9.92E-09,70.18090806
CFAP99,-3.782863927,1.26E-08,244.612506
EEF1A2,-5.740693392,1.48E-08,8960.350714
CO24,6.697031368,1.71E-08,494.5042487
,7.595948216,3.56E-08,279.2083832
ABCA3,-2.050154017,3.98E-08,7112.967012
GSDMC,4.95715299,4.46E-08,367.840327
LINC02437,8.395568727,6.04E-08,44.90949001
POU5F1,3.698886129,6.04E-08,212.1830234
,-3.799799512,6.04E-08,31.68047365
KCNG1,5.013516189,6.04E-08,1087.530687
ROPN1B,4.99836614,6.57E-08,284.1642004
FABP7,5.366841245,7.22E-08,98.29577049
LMNTD2,-2.636954801,7.23E-08,2656.630582
MKRN3,6.356548024,1.06E-07,220.9260643
KRT18P25,-3.781970753,1.13E-07,27.16619753
,5.297277106,1.13E-07,108.0613672
NA,5.510984725,1.14E-07,322.346518
ATP10B,4.11630678,1.40E-07,20.99542074
LARP4P,4.03395007,1.43E-07,102.6553161
SERINC2,-2.62826424,2.27E-07,17012.56324
ZFP57,6.020919297,2.27E-07,216.2695013
CRABP1,8.079889083,2.27E-07,1359.225551
WFS1,-2.977606081,2.51E-07,7383.731156
,5.816694871,2.52E-07,69.96978153
PWWP3B,-4.275120861,2.60E-07,239.6586589
SPAG6,-8.61565634,2.60E-07,763.6459379
LINC01606,7.917185431,2.63E-07,196.7840074
DCT,5.636450552,3.35E-07,172.6575481
,-2.888047911,3.53E-07,29.1384278
CRAT,-3.836924762,3.56E-07,10592.79628
TRPM8,7.831233046,3.67E-07,168.7127075
CPA3,-4.97181144,3.67E-07,407.6501861
,5.440255272,3.67E-07,78.66994355
CPA4,3.174731229,3.67E-07,230.2030706
ZG16B,-4.226085071,3.67E-07,4317.911944
CFAP61,-3.810255257,3.67E-07,106.1067146
RNU6-154P,8.799363601,3.73E-07,59.27804675
KRT18P5,2.578077423,3.92E-07,246.7539574
,4.230692839,4.10E-07,99.640359
MARCO,5.058338301,4.52E-07,98.20902649
SIAH2-AS1,-2.085844538,4.71E-07,198.5161189
PPP1R26,-2.073224335,4.71E-07,3673.816015
SLC7A8,-4.409957003,5.04E-07,12800.71337
PTPRK-AS1,3.240641535,5.68E-07,78.54142748
ATP6V1C2,4.484974297,6.17E-07,1499.934597
UBASH3B,2.687180586,6.17E-07,323.1329267
,8.33776142,6.47E-07,43.09222025
SLC25A37,2.70893579,6.54E-07,8276.005235
LINC00964,6.170830375,6.76E-07,266.5430812
LINP1,6.005760605,8.16E-07,26.51687159
VGLL1,5.659893338,8.41E-07,587.9942785
APCDD1L-DT,4.988342699,8.41E-07,360.6789647
CHODL,4.466078178,8.56E-07,186.3118993
FAM47C,7.664848514,9.45E-07,18.06596963
ST3GAL6,4.082464745,9.71E-07,1314.335293
,3.755912792,9.83E-07,55.0626966
INSYN1,-3.550604324,1.00E-06,656.5043197
LINC00393,7.329243113,1.12E-06,100.8527697
,7.626406588,1.17E-06,17.69698137
LINC02438,7.878824513,1.17E-06,21.01836777
SLC15A1,5.86571498,1.17E-06,204.5855369
SIX5,-1.785707846,1.17E-06,3173.84649
TTC39A,-2.633462426,1.21E-06,4771.974292
KCNK15,-4.913380827,1.24E-06,1331.443675
NLRP7,5.787356553,1.26E-06,73.13562628
SLC6A14,6.044407337,1.46E-06,880.641644
SPEF1,-2.208647687,1.60E-06,265.1061926
CAMKV,7.885312929,1.63E-06,158.9125466
LINC01198,5.405759874,1.68E-06,68.98776793
GFRA3,5.226717637,1.93E-06,300.2639548
,3.045324177,1.93E-06,113.7291921
ADGRB2,-3.92878515,2.06E-06,6834.495975
ZNRF2P1,-1.903584689,2.16E-06,272.9727545
OPRK1,5.446427565,2.16E-06,55.93052513
LINC02732,5.779571678,2.16E-06,51.98014985
CD2BP2-DT,-2.190798274,2.16E-06,246.7110694
STARD10,-4.00622471,2.20E-06,26195.07484
NDUFAF2P2,2.805922841,2.36E-06,95.31949363
RGR,5.116056472,2.36E-06,70.29861479
,3.918461384,2.48E-06,42.11558954
TBC1D2,-1.948952372,2.51E-06,1595.979076
,4.327046714,2.57E-06,176.5044325
MT-TH,2.777710024,2.57E-06,54.15353835
TARID,7.262347872,2.58E-06,84.54724961
SPDYC,4.557949101,2.71E-06,44.16906641
CFAP157,-1.761263847,2.74E-06,667.1960599
TNNI2,6.567098671,2.74E-06,5045.182724
LINC00303,6.574501987,2.80E-06,73.29431492
FMOD,-3.008867994,2.87E-06,4004.772783
LACTB2-AS1,2.726744912,2.90E-06,146.0778305
SLC26A7,6.460944018,2.93E-06,857.8138499
,-6.323704873,2.95E-06,46.37377877
CCKBR,6.808686503,2.95E-06,185.4812679
TPSB2,-6.790129708,2.99E-06,3702.639605
EN1,5.620616719,3.13E-06,1846.520605
PDLIM1P4,4.385404979,3.13E-06,67.95588663
MAP7D2,6.939318323,3.13E-06,910.5779583
ENTPD8,-4.886257255,3.13E-06,1795.365448
PRICKLE1-AS1,3.813186677,3.13E-06,23.04102213
SLC2A10,-3.047949069,3.13E-06,3648.120816
TBX19,2.946892461,3.25E-06,1037.26887
AGTR1,-5.966662957,3.25E-06,978.5325433
OCA2,5.839680041,3.25E-06,173.3619601
,-2.267466677,3.25E-06,194.0839245
,-3.776215151,3.27E-06,101.110427
MIR4500HG,6.303114789,3.39E-06,90.05625129
RET,-5.059726167,3.55E-06,2192.359883
ACP7,4.695274764,3.55E-06,70.16220746
DUSP9,4.848638099,3.56E-06,206.3482675
HMGB1P19,3.515097393,3.79E-06,41.87815258
,3.637997024,3.94E-06,84.55799044
PCDH11X,7.088410825,3.94E-06,240.3850483
GDF15,-4.067766726,3.94E-06,860.8626199
SLC35G5,2.258468031,4.09E-06,63.0353591
SLC6A11,3.869521634,4.10E-06,180.2296123
VRTN,8.4330227,4.51E-06,171.9548306
FBN3,6.116866783,4.59E-06,2957.353443
RCC2P6,4.18418203,4.63E-06,46.22851693
,3.618748755,4.81E-06,24.54925825
TPRN,-2.627915161,4.84E-06,4475.221968
NDNF,-4.674199244,5.00E-06,232.8228873
SPATA24,-3.111992496,5.00E-06,341.0801996
,-8.092266749,5.00E-06,25.16696682
BCAM,-3.808698276,5.00E-06,68819.73083
DSCAM-AS1,-7.444340899,5.21E-06,291.3498488
,3.065558928,5.25E-06,121.7950914
PM20D2,2.858534553,5.27E-06,1094.107945
,3.396336875,5.35E-06,42.9505227
PDCL3P2,5.106819762,5.54E-06,85.63690365
,4.592874126,6.09E-06,66.06927105
SLC67A1,-2.458022633,6.09E-06,3133.026829
FUT3,4.940625536,6.19E-06,273.7957278
,4.923064955,6.43E-06,40.08976391
ADSS1,-2.789966979,6.51E-06,457.6841445
ESYT3,3.255280511,6.64E-06,455.5655735
PRSS23,-2.549300948,6.64E-06,5501.069373
SLURP1,5.94564409,6.78E-06,87.30373802
,5.40525213,6.78E-06,16.00127843
,3.078302171,6.89E-06,122.9547067
NAGS,-3.448831344,7.06E-06,643.7443752
PPP4R2P6,2.488493805,7.06E-06,89.39731119
,6.14134151,7.08E-06,136.4873814
GLYATL1P2,4.916628411,7.15E-06,74.82132216
,-2.671368911,7.37E-06,51.76315861
HMGB1P16,6.147800197,7.62E-06,26.52331524
,7.36811033,7.66E-06,14.74690386
ABCG1,-2.938766471,8.21E-06,1623.550175
,4.263805401,8.28E-06,130.9601873
SATL1,3.593306306,8.35E-06,21.01953839
A2ML1,4.383032897,8.47E-06,409.6536204
KRT18,-2.334303301,8.93E-06,27209.31529
MUC16,6.371904128,8.93E-06,13857.40615
,4.616278103,9.37E-06,139.473356
,7.549091414,9.49E-06,16.63843197
KCNS1,4.611315951,9.98E-06,104.8659979
GATA2,-3.008604308,1.04E-05,1342.39566
HMGB1P41,2.67826879,1.04E-05,48.1610624
RASAL1,4.356790674,1.05E-05,1344.631926
DEPDC1P2,3.967096319,1.09E-05,20.08001032
NA,-5.776152294,1.17E-05,46.20036243
LINC00518,8.577427431,1.17E-05,34.07720258
BMPR1B,-6.062982932,1.17E-05,15026.04752
NA,-7.860140409,1.17E-05,775.0997541
PHB1P19,2.612061072,1.30E-05,475.0245922
,3.242809062,1.35E-05,42.62035161
PRAME,5.963489828,1.36E-05,880.9153398
DDX50P1,2.466535825,1.39E-05,179.2442017
TPSAB1,-6.14331274,1.42E-05,2491.449377
,6.260556011,1.45E-05,51.87098567
GAA,-2.542050647,1.45E-05,21163.06812
FGF19,-6.916785172,1.48E-05,11.12657217
SBSN,6.578965523,1.48E-05,299.6206454
CICP27,3.788520144,1.50E-05,16.0876965
CT75,6.787802291,1.55E-05,9.901084328
ITGB5,-2.918102066,1.55E-05,15112.51663
RPL21P86,3.391663785,1.55E-05,14.54763744
MAG,-4.481886116,1.55E-05,78.55429053
GTF3C6P3,-6.897341452,1.56E-05,16.57791284
LCT,4.329288615,1.59E-05,45.07567525
,6.483745671,1.61E-05,25.74367261
MAGED2,-2.795192112,1.62E-05,28645.37629
SLC7A2-IT1,-4.958954475,1.63E-05,54.47383061
ERGIC1,-2.696172721,1.65E-05,16134.05215
SLC2A14,4.16346785,1.66E-05,81.76845326
NA,3.502804749,1.68E-05,181.5330905
PERCC1,-3.721425252,1.68E-05,113.3985947
MMS22L,2.525040248,1.69E-05,1904.181982
GABBR2,4.711352621,1.69E-05,67.91374782
PLAC1,-4.354029598,1.81E-05,33.09549178
BAG3,-3.12717144,1.81E-05,8324.427137
ABAT,-3.07249329,1.91E-05,2607.559668
,3.115058625,1.92E-05,248.7784983
TEX15,8.145352749,1.94E-05,56.36046328
HID1,-3.042785978,2.00E-05,18323.32468
AGGF1P3,3.394384439,2.03E-05,69.79506074
PPP1CB-DT,2.020350423,2.04E-05,100.6455975
LPIN1,2.852486705,2.06E-05,6456.097536
ARHGEF16,-2.689546164,2.07E-05,5927.857588
SYNPO2L,-6.168741654,2.08E-05,1544.826338
,4.664699529,2.10E-05,15.11858072
,-5.006306342,2.15E-05,371.2448455
BMS1P17,3.86061538,2.15E-05,25.48933774
FSIP1,-4.510800627,2.15E-05,536.6606325
FDCSP,5.627868912,2.19E-05,204.842186
BCL11A,4.369687344,2.22E-05,2029.758332
,2.492701981,2.22E-05,338.4064653
LY6D,5.863760698,2.22E-05,248.9898743
PRSS41,8.597794709,2.22E-05,104.4952854
CYP2T1P,-3.774808101,2.22E-05,1595.803877
,1.717258167,2.22E-05,407.3826987
TFF3,-7.227559524,2.22E-05,16972.36024
ORM2,5.257070521,2.33E-05,53.30027032
BPI,5.967065325,2.37E-05,116.4414863
PPIAP35,5.177915297,2.49E-05,24.43790744
SOX8,3.730801983,2.60E-05,936.3940011
TTC13,1.779357348,2.61E-05,1232.620783
SMIM31,-5.153914874,2.61E-05,93.03165358
TRIM8,-2.574174411,2.61E-05,15043.44706
ACOT4,-3.136692757,2.62E-05,105.5451088
,2.583360693,2.63E-05,206.7246969
CHRM3-AS2,4.335111596,2.64E-05,168.8939498
THTPA,-2.38186049,2.64E-05,328.6955109
,5.165961948,2.69E-05,13.93522639
ATG9B,2.333862698,2.75E-05,1248.436224
,1.837090642,2.81E-05,95.07944368
NA,-2.730876188,2.85E-05,44.81578239
GK6P,2.462464337,2.88E-05,61.6858173
,7.210358572,3.03E-05,19.75510765
NCAPGP1,3.927940866,3.04E-05,108.1300609
,3.921069502,3.09E-05,29.4789248
HMSD,5.014550335,3.09E-05,35.38751362
,2.619948416,3.10E-05,150.8599967
ANKRD36C,2.323594235,3.12E-05,10295.27367
LINC02367,2.753677947,3.24E-05,169.3758748
,-5.971026956,3.43E-05,13.20115645
ELF5,6.6113546,3.43E-05,6493.862637
LINC02552,4.089317603,3.45E-05,15.37086757
PLAG1,4.490913988,3.60E-05,440.6942919
SH3GLB2,-2.173726554,3.60E-05,27105.85165
KRT16,5.20881859,3.63E-05,4197.95275
NKAIN1,-4.864648934,3.65E-05,1199.937256
CRACDL,-2.859520171,3.68E-05,2259.787423
ANKRD36,2.357827333,3.68E-05,8559.369544
RPS6P8,7.893436198,3.68E-05,47.31817172
GAMTP2,-6.112478778,3.68E-05,6.381313723
,2.201257447,3.68E-05,167.1805233
FASN,-2.9705596,3.68E-05,114551.3196
F2RL2,-3.568084436,3.70E-05,1050.83264
CPLX1,-3.688135728,3.73E-05,3590.112374
CLCN7-AS1,-1.812230918,3.82E-05,297.6548756
SLCO5A1-AS1,5.488795329,4.07E-05,17.20452138
,5.295535062,4.11E-05,160.1852814
RAB3B,-4.368605431,4.14E-05,1238.538408
SYT2,3.183819377,4.22E-05,416.5885692
LINC01117,-4.282462393,4.35E-05,231.8519203
MROH3P,5.874627878,4.38E-05,28.67618934
NCCRP1,5.685623529,4.38E-05,1524.976456
H2BP2,5.389287379,4.44E-05,37.63000647
PYY,-3.761966678,4.44E-05,77.36503321
,2.092530457,4.44E-05,42.28911212
SAMD15,-2.295661743,4.60E-05,321.3399075
,3.690783779,4.76E-05,28.80900429
NA,-6.451686572,4.76E-05,8.090285528
ADAMTSL5,-3.199897509,4.76E-05,854.2441953
RPL21P46,5.031382843,4.79E-05,32.18310129
P2RX5,4.773491685,4.82E-05,216.9670417
IGF2BP2-AS1,5.403461004,4.96E-05,29.19495754
VSTM5,4.687317519,5.04E-05,223.4279677
,7.848564989,5.07E-05,20.55314065
DLX1,-6.690421224,5.07E-05,1019.14417
,2.621595433,5.09E-05,29.41115369
,4.678774447,5.12E-05,48.82821311
SLC45A1,-2.844238289,5.14E-05,304.0568327
NA,5.604212691,5.17E-05,130.8057058
,-2.72232921,5.32E-05,36.41454529
MYO3B-AS1,5.155841771,5.32E-05,28.14052549
LINC02487,6.239901389,5.32E-05,236.6602239
,3.126526076,5.46E-05,18.93100129
PPIAP72,2.576419355,5.58E-05,62.82443843
ITPKA,-4.672523013,5.69E-05,339.0248559
MAP2,3.321660384,5.73E-05,1561.510166
LINC02397,5.674209499,5.73E-05,150.7015169
ARHGAP16P,-6.031218832,5.73E-05,76.63958661
,7.916832693,5.73E-05,21.49329004
DISC1-IT1,3.004187165,5.73E-05,27.39060499
,4.271036431,5.77E-05,15.60435028
,7.499385941,5.77E-05,36.11756806
NHERF1,-3.361316271,6.09E-05,20918.66505
LEMD1,6.331629147,6.16E-05,122.1383783
PRRT3,-2.98648041,6.29E-05,2288.197706
,4.151982461,6.29E-05,17.88034152
NCBP2L,-3.768879781,6.29E-05,19.91717312
,6.984063686,6.32E-05,16.94668247
METTL5P2,2.597137774,6.34E-05,37.77719311
LINC01883,5.328326569,6.46E-05,55.20523038
ATP7B,-3.090581312,6.46E-05,1791.940127
YBX2P2,6.12738943,6.46E-05,77.30779218
H2AC6,-2.970583362,6.59E-05,3869.659497
,4.755367142,6.63E-05,30.46557569
LINC03147,4.789178174,6.82E-05,36.41923808
,8.044334134,6.84E-05,23.5222135
BRINP2,-5.682134145,6.94E-05,435.445829
,6.743238849,7.01E-05,145.800293
COL9A3,3.972231513,7.02E-05,3606.358771
NHERF2,-1.853501799,7.13E-05,8946.109935
,2.414952185,7.14E-05,774.574638
,-4.707154683,7.14E-05,934.3313728
ATP6AP1,-2.361439315,7.18E-05,18727.85362
FCRL2,6.523341318,7.26E-05,301.0518173
RYR3,3.435147795,7.31E-05,871.5859167
BCAS1,-5.078966269,7.41E-05,3754.488858
BRINP3,7.257167056,7.44E-05,135.2845046
PRR15-DT,-4.526583886,7.51E-05,181.6592024
PSORS1C3,3.999652282,7.74E-05,50.41861449
CUEDC1,-1.601526011,7.83E-05,4116.381093
NWD1,4.456017761,8.04E-05,565.9151551
NXPH3,-3.372250705,8.23E-05,720.6795796
MIR9-2HG,5.378547533,8.33E-05,69.80505096
MAN2B2,-2.344880539,8.40E-05,7050.03329
LINC01600,3.84861072,8.40E-05,58.51313241
,3.054780405,8.47E-05,36.80739766
Y_RNA,3.07809511,8.49E-05,27.23077135
,5.43446919,8.51E-05,194.9480739
JMJD8,-1.729069197,8.53E-05,3474.77904
TTYH1,3.380309324,8.61E-05,1545.633739
RPL31P8,5.616984992,8.62E-05,246.3382237
GPC1-AS1,-4.162453177,8.66E-05,828.1653533
NFE4,6.521229322,8.66E-05,363.9857531
HDC,-4.581366766,8.78E-05,276.7459709
RHOB,-2.686122415,8.81E-05,28098.21489
LINC02521,4.089488459,8.89E-05,37.0610785
NA,-6.692862847,8.99E-05,76.99602515
E2F5-DT,2.841007857,9.16E-05,57.78258252
TSPAN1,-4.827658879,9.19E-05,3968.619215
NA,6.834539449,9.19E-05,22.86186161
RUSF1,-1.634186969,9.34E-05,4260.254218
ANKRD36B,2.011082098,9.47E-05,4451.031599
SLC9A1,-1.854142258,9.68E-05,6247.109139
MIR149,-4.103710136,9.74E-05,44.71657877
CNGA1,2.685290765,9.79E-05,136.9969458
SEC14L4,5.580611467,9.82E-05,66.2453705
UBE3D,1.964893071,9.89E-05,467.6994307
PRSS33,5.660000927,9.89E-05,76.93275638
POU4F1,5.40072048,9.89E-05,70.84106008
,3.328090896,9.95E-05,235.3222962
VIM2P,2.636682231,0.000100384,88.7564882
MIR325HG,4.532623364,0.000100384,40.63821766
CFAP184,-2.428498853,0.000101923,344.6850014
ASTN2,-2.564852962,0.000102945,1283.850609
LMO1,6.280756289,0.000104078,56.09663639
PIGT,-2.14868947,0.000104226,11968.0343
LINC01460,4.534784906,0.000105767,16.2805605
RASGEF1C,4.545231433,0.000105767,159.5735946
,3.81577618,0.000105767,44.04296031
SHROOM3,-2.493645583,0.000105801,7513.973162
,3.644624624,0.000108235,16.54246231
RPS26P21,3.074739082,0.000109104,38.33559865
,-4.627001504,0.000109131,242.5180769
RASA2-IT1,3.760392755,0.000109131,108.8998463
SLC12A1,5.996102808,0.000109131,269.5477304
L3MBTL4-AS1,4.031217868,0.000109482,508.6683576
,3.377372671,0.000109625,17.88768517
SEZ6L2,-3.697972896,0.000109625,8464.255023
GPC1,-2.388292502,0.000109966,14207.28061
INGX,4.228174354,0.000109966,49.37640546
DDX10P1,2.291955074,0.000109966,136.4257957
,4.784335774,0.000113737,14.54181314
GLRA2,5.517548388,0.000114039,18.13656132
,4.253021266,0.000115131,21.3703409
Metazoa_SRP,2.162053622,0.000115131,51.36980993
,1.763306462,0.000115131,60.26127132
SPINT2,-1.801375433,0.000115247,8563.492422
MYRIP,-2.524581918,0.000115578,194.2734512
PNMA3,5.190242842,0.000115578,688.9113779
,2.157528151,0.00011619,69.72043927
KCNH8,3.753584202,0.00011619,165.3953891
NEU1,-2.027034724,0.00011619,4423.842743
ATP11A-AS1,2.889994432,0.00011619,51.23087929
HSPA2,-3.602260135,0.00011619,3626.084732
LINC01842,4.836135027,0.000119178,13.81440233
PRRT3-AS1,1.625954051,0.000120156,91.35482508
CACNA1H,-4.53273204,0.000120373,12120.40152
HDAC11,-1.71772867,0.000120439,3971.81895
TFDP1P2,4.2028976,0.00012125,22.11413705
RPP21,1.688250415,0.000121999,170.7906054
KCNJ11,-3.438385498,0.000121999,2516.423914
PRADX,-4.29433849,0.000122369,286.7416933
HRK,4.585109813,0.000124817,232.3988783
RAB19,-2.702827924,0.000124905,291.3465191
,-4.622039792,0.000125122,76.78454343
HSP90AB4P,2.988602745,0.000126286,317.5117841
TRIM8-DT,-2.51009311,0.00013141,607.1886957
SMIM8,1.902631678,0.000132355,934.3268765
RND1,-4.063565625,0.000132355,1761.031418
SCX,2.370856797,0.00013236,655.5369961
PCSK6,-2.788497494,0.000133414,3594.888819
RGS2-AS1,2.723938461,0.000137163,41.67749996
NA,5.701827582,0.000137163,15.68983311
GCAWKR,2.58016041,0.000137439,542.1243388
FOXC1,3.480102701,0.000138724,6736.08023
PTCHD1,5.062483621,0.000138724,773.4469319
ALOXE3,-3.593507372,0.000138724,148.9822455
,4.396502038,0.00014049,32.03781721
C11orf86,7.526472512,0.00014049,36.71473611
SCUBE3,3.464437013,0.000141328,3160.563512
MX2,2.122733688,0.000143998,1723.150988
PINK1,-2.12850372,0.00014451,1459.842451
KRT8P2,-5.901220582,0.000147931,78.98159096
PCDH1,-1.797263476,0.000149254,6211.934804
MIS18A-AS1,3.061279124,0.000149861,44.74059702
DUTP6,2.162263235,0.000153649,31.07280486
,5.905545369,0.000156284,5.341539596
LINC02511,6.330701793,0.000156284,68.71582173
MEIS3P2,-4.804678781,0.000156361,204.1787041
IGF2BP2,3.909900762,0.000160148,697.9260588
,3.327405335,0.000160406,156.8727673
IL1RL2,2.151100257,0.000163912,130.967555
EFNB3,-3.264825507,0.000165028,664.9065228
,3.88554013,0.000165298,177.371198
EIF2S2P2,2.985587698,0.000166114,46.86814904
,2.853740001,0.00016666,67.32271856
AIMP1P1,3.401667916,0.00016789,66.2668658
,2.356365875,0.000168112,66.9471637
H2AC9P,-5.755190015,0.000168623,27.02689082
GRM6,3.639018153,0.000174925,442.5142823
LEMD1-AS1,5.305512221,0.00018223,90.28361545
,3.481280019,0.00018223,32.49677941
,6.191493432,0.00018223,48.21543454
MATN4,4.475107857,0.000182988,337.8241448
RN7SL5P,7.356382087,0.000183772,21.91113073
CACNA2D2,-3.340393742,0.000183863,1239.874747
HMGB3P22,2.521846239,0.000184598,57.45158271
KCNE4,-4.491487902,0.000185956,4386.244541
CALML5,6.107578341,0.000186272,4454.934946
SLC15A2,1.992120331,0.000190583,468.6699294
SLC25A23,-2.029957742,0.000191305,4346.679592
NPIPP1,1.463552299,0.000192038,311.1672372
HDAC1P2,3.585904199,0.000193945,58.37216509
NDUFA6-DT,2.212497607,0.000193945,400.7359915
CDCA4P4,1.996587503,0.000194257,282.1350968
NHSL1-AS1,2.699984867,0.000194257,197.0683739
PTMAP1,2.602288702,0.000194525,120.3203305
,4.278101567,0.000195193,224.4054849
CACFD1,-2.370823327,0.000195193,6789.102787
C5AR2,-3.211407638,0.000195915,914.1267227
FABP2,2.52480584,0.000196123,13.92786327
CCDC144CP,3.323489021,0.000196123,587.6773536
,6.098862936,0.000196123,30.81462087
LINC02044,3.013311927,0.000196156,16.90100731
,1.991952075,0.000196156,515.6218216
WNT6,4.865501856,0.000196616,706.3814363
PRKAG3,5.633329399,0.000199914,44.15106189
STOX2,2.706976465,0.000199914,832.2594433
,6.981408486,0.000200323,11.28943403
RN7SL170P,6.362076596,0.000200323,11.08474829
RPL7AP20,3.419379215,0.000201145,46.99476906
,3.727420018,0.000203311,22.21471972
ACRV1,2.268480958,0.000207171,27.5189862
,2.810662062,0.000208956,180.2730013
,5.80966617,0.000209533,21.35178976
MEIS3,-2.609176793,0.000210601,3666.403574
IL22RA2,4.449209142,0.00021078,33.81333745
,-4.223594699,0.000214683,84.60603776
,6.10042611,0.000214739,36.55227029
NA,6.566424284,0.00021517,28.72291135
LYPLAL1-DT,2.179875692,0.000215893,52.84218404
KALRN,2.794146142,0.000215893,2352.418167
,2.970694362,0.000215893,36.96270467
ERBB4,-4.217369453,0.000216815,2377.43002
,2.259032476,0.000223319,45.05517347
,2.410594957,0.000223734,86.79187378
PLEKHG1,2.493906396,0.000224417,1856.399643
BCAN-AS2,-4.53304889,0.00022496,86.42170525
LIX1L-AS1,2.347330988,0.000225507,45.33902167
MBOAT7,-1.662759242,0.000228333,10478.36266
SPPL2C,-6.381603966,0.000228667,45.0133998
TNFRSF13C,4.500700516,0.000228667,681.4471521
,4.931398955,0.000229278,192.5756366
ANXA9,-2.598586326,0.000229278,2024.596624
LINC02275,4.355970024,0.000229278,16.08740897
FGF10,-5.005522339,0.000229278,1175.136835
LMX1B,-3.377522942,0.000229278,6004.597426
,1.664599744,0.000229278,219.6827656
USP32P3,3.173439748,0.000229278,435.8452052
PPP4R2P2,2.541170269,0.000229703,104.7305447
CNGB1,3.245140816,0.000229703,18.79917108
ZNF292,2.069587843,0.000233632,15084.07744
,5.420131436,0.000233991,8.672242286
SLC16A1-AS1,2.749236561,0.000234643,920.8402878
,7.351891101,0.000234643,21.78980261
RN7SKP266,7.572234728,0.000237256,37.87830652
NPNT,-3.34412118,0.000237801,5256.438461
ST18,2.717164515,0.000237801,25.17207145
RPSAP13,2.895297241,0.000237801,67.98938632
,1.730634115,0.000238176,534.9415286
,2.981054527,0.000239804,252.1310571
,2.724115047,0.000239831,74.2998413
CT83,10.22495195,0.000239847,106.6182949
RNU6-26P,2.824503347,0.000244385,23.68034089
KBTBD12,4.262808362,0.000246129,181.252274
FAM204BP,3.487841185,0.000251833,93.24185975
RNU6-1242P,5.821744845,0.000259894,5.083053888
,5.104126879,0.000262657,17.89431319
C21orf91-OT1,4.465912845,0.000269576,47.66475285
ROCR,5.323448751,0.000270783,811.5548271
GPR160,-2.464526857,0.000271145,1130.512783
POLR2F,1.683707398,0.000271774,1100.914414
KRT18P11,5.689694585,0.000272499,94.18619182
NA,1.974943081,0.00027515,85.04828454
COL22A1,4.781023745,0.000278499,2375.997457
LINC02473,5.15288342,0.000278822,165.3884614
,4.776758925,0.000284363,13.83390649
HIKESHIP1,5.734460713,0.000292062,24.81728956
SERBP1P3,4.364033214,0.000292346,33.69680256
SETP21,4.505093123,0.00029758,69.81545968
PRR7-AS1,2.012832767,0.000298711,168.637622
KRT78,7.251386299,0.000298711,41.12120398
SLC6A15,4.887513337,0.000298751,116.2783591
MT-TK,1.961164768,0.000309418,61.89331681
LINC00342,2.03811903,0.000311817,11466.06406
,3.201879754,0.000314131,472.422088
,4.167170032,0.000314232,20.10737505
RP1,-4.108043487,0.000314232,711.2588581
SLC39A11,-2.232049619,0.000315803,1905.320484
,5.678459644,0.00031784,180.1636598
RN7SL280P,3.054011477,0.000319952,55.12019486
RN7SL308P,2.238423668,0.000322584,32.29737905
RPS3AP3,3.031739266,0.000331658,15.76003244
TMEM45B,-3.662634128,0.000332302,427.2102397
TNRC18P1,-4.221262981,0.000334737,1159.341816
NR1D1,-1.611623045,0.000335871,1244.19249
RPS8P5,3.591388928,0.000344379,22.14562486
ULBP3,2.683087979,0.00034492,152.9575527
OR7E126P,2.389921931,0.00034492,190.5703899
PGLYRP2,-5.777728964,0.000346594,978.9452633
ERVV-2,5.358574505,0.000346594,28.14684664
SCNN1A,-2.578755918,0.000351134,9987.696052
GDF5,4.761578986,0.000354351,50.18587818
,2.72991588,0.000355816,35.58415457
SLC18A2-AS1,-4.985965748,0.000358291,26.20109164
FFAR2,-4.1858369,0.000358291,160.4419318
MYO3B,4.012005831,0.000359369,166.237196
,2.151171094,0.000361581,123.4633933
PRRT1B,-4.566217552,0.000361581,528.1876335
CPLANE2,-1.894091062,0.000361795,326.1293605
GALNT7,-2.020313282,0.00036243,2649.424773
CA3,2.524381327,0.000364326,242.3094322
ZNF703,-2.973217287,0.000366097,9732.129377
CREB3L4,-1.739178866,0.000368028,3911.159506
LEMD1-DT,6.952352952,0.000368765,35.46237289
NCDN,-3.118053794,0.000371531,9080.489241
,2.658106318,0.000371531,107.5389631
RPL23AP49,3.208794622,0.000371531,33.98374384
TANGO2-AS1,2.077722917,0.000374403,185.8703402
,5.59847313,0.000380753,167.9884156
,-5.644268195,0.000380753,30.49597366
TUBAP4,5.959288913,0.000380753,8.368501432
EMILIN3,3.353617153,0.000380753,176.2612002
,2.763806193,0.000380845,66.26635022
NPM2,3.093703552,0.000380845,175.9703494
GATA3,-4.126360268,0.000380845,56449.80435
,2.979775163,0.000380845,71.13236696
WDR87,4.345603652,0.000380845,83.70522867
PROM1,4.07909951,0.000382067,2825.668276
LINC00685,2.021885657,0.00038653,94.1570388
Metazoa_SRP,6.614409972,0.000388335,13.10351871
LAMC3,-2.543857064,0.000391286,280.8361176
HDAC9,3.789098661,0.000392628,801.2889384
HRNR,2.093937063,0.000397615,22.64370134
LINC01036,4.255407489,0.000398027,58.1608989
ITPK1,-2.308510654,0.000398093,7927.389279
,3.55697735,0.000398093,30.12221751
B3GNT4,1.865844433,0.000398498,86.05790992
IGHV5-10-1,4.287245614,0.000398498,47.56739892
,4.264989631,0.000406893,7.732910295
NECTIN2,-2.51157493,0.000410295,17494.56451
H2BC5,-2.62715702,0.000412972,1085.835589
LMX1B-DT,-4.506875346,0.000414397,736.4619253
KRT86-AS1,3.88902412,0.000414397,158.018706
,3.386901801,0.00041997,13.62492113
ARHGEF2-AS1,4.636591003,0.000423031,20.37716802
CCDC92B,3.240516961,0.000423031,163.2841838
DNER,4.804579493,0.000423428,69.84574179
,4.070988398,0.000423428,156.6397397
,5.892478969,0.000423587,7.957454943
,2.034682024,0.000424778,61.55885483
,4.652531193,0.000425427,9.888292124
,4.21406908,0.000426888,35.79350507
RPL30P13,4.013647664,0.000433274,8.306714561
MTCL1,-3.353998865,0.000433274,3275.09602
,3.037216122,0.000435853,66.43607536
ATP5MGL,2.818733448,0.000435853,26.2665929
DDC,3.26550568,0.000441723,18.72329123
OR7E128P,1.709686634,0.000444362,290.747898
C1QL4,2.997733367,0.000451048,96.83528878
SLC7A2,-4.440242516,0.000451414,6554.272909
NHLRC4,-3.730260585,0.000452108,405.2129757
STXBP5L,4.086467425,0.000457595,37.89232943
RNH1,-1.347244676,0.000459515,10539.12344
NEMP2-DT,2.6159808,0.000462052,154.5433228
,1.62434084,0.000462052,140.4298618
MARCO-AS1,5.821820818,0.00046419,5.062671525
NA,2.765529002,0.00046419,14.48861961
,3.04637793,0.00046419,81.39445015
PLAAT1,3.416658755,0.000465035,99.54730301
KCND2,-3.193442486,0.00046632,269.7262128
,5.395095526,0.000466369,66.6880268
SPDEF,-4.143037184,0.000471613,22802.62186
KRT18P18,2.254450226,0.000476939,27.87728643
SIAH2,-2.45577533,0.000485114,3190.541194
CCDC26,4.090456724,0.000485114,101.7182792
,3.308435823,0.000485534,11.41749735
RBIS,1.772117816,0.000485534,512.6859507
SLCO5A1,4.116367409,0.000485534,170.6767485
RPL21P106,5.325415509,0.000486821,5.439472759
RPA4,2.798206943,0.000489955,50.8178001
PCDH19,-3.084637284,0.000491711,202.0797387
TET1,2.660332786,0.000499869,892.6499376
ADCY9,-1.992904773,0.000504065,3115.828605
IL20RB,1.895336144,0.000510136,77.9786282
LINC01488,-6.311640776,0.000511697,577.5610982
SLC36A2,5.562891821,0.00051931,6.408018524
SRSF12,2.721747267,0.000524269,226.8608577
DNAJC8P4,1.978258557,0.00052867,104.1797879
,6.255482892,0.00052867,6.852573989
,6.291493911,0.00052867,7.019800109
PTPRZ1,4.803450048,0.000529601,643.2303243
BAG1,-1.917293376,0.00053082,3667.63461
NA,2.485311751,0.000530874,957.2725024
,-5.020587208,0.000532528,6.897921275
,5.083398726,0.000537622,9.561180355
,2.794245487,0.000537622,24.6879662
FOLH1,1.862918808,0.000539992,174.132951
VPREB3,4.622294529,0.000539992,128.6676455
FUT8-AS1,-2.749729368,0.000545498,53.72940434
,1.94421359,0.000547549,910.0071186
CFLAR-AS1,1.675679189,0.000548134,184.3156203
KRT37,-5.023445908,0.000548368,6.902050438
DUOX2,3.359393321,0.000549754,294.0284529
RN7SL200P,2.322361235,0.000552155,43.94464804
,5.365382389,0.000553158,24.55112408
GSC,-4.611358908,0.000556005,434.3686965
PRSS30P,-4.000146466,0.00055868,368.1413952
SLC4A11,4.466070481,0.000561904,7787.686318
PGBD5,3.314884608,0.000563347,725.0554395
ZNF285DP,3.448618779,0.000567721,12.18329819
SCEL,5.191292986,0.0005715,33.97420757
,3.762950752,0.000573295,75.95062657
,7.004746217,0.000575121,17.19910741
CPP,5.007861711,0.000575121,9.682460184
RPL5P3,-3.447062576,0.000575121,42.05696136
TRPV6,3.881450012,0.000575846,2168.337754
CCN6,2.914420769,0.000580899,31.12068952
GPR156,3.383443526,0.000581779,174.8459017
KCNQ4,4.049299077,0.000589255,1369.721795
DNAJC8P2,3.218566574,0.000589841,249.7763451
TMED1,-1.634472759,0.000591203,383.6621898
,6.020069251,0.000592496,52.28448212
CCND1,-3.765166924,0.000592765,41014.24471
POLR3DP1,2.413582009,0.00059587,143.3579183
MIA,4.600885882,0.000595992,90.97818052
,1.737497216,0.00059689,53.06108436
MAST4,-3.267069035,0.00059689,9983.047661
SYNPR-AS1,-5.636036312,0.00059808,10.59273723
,2.48645534,0.000602043,117.5152461
CRY2,-2.392690896,0.000610251,4328.104101
FUCA1P1,-3.925234749,0.000611287,16.97386435
ASS1P2,1.94184197,0.000611287,157.3620607
STK38,1.726630119,0.000611287,4283.377777
MCCC2,-2.130316559,0.000615205,9619.658383
ARL4AP5,4.023914886,0.00061599,55.75418761
NANOGP1,5.507313864,0.00061599,18.49594477
DLX5,5.07107379,0.000616074,397.9719569
AMPH,-3.29586765,0.000616941,488.7146734
ERN2,4.791691414,0.000616941,25.4438064
ZFPM1,-2.339965736,0.000616941,2496.003144
RN7SL329P,2.130729271,0.00062408,104.227736
BTG1-DT,2.656509781,0.00062408,80.79049568
Y_RNA,2.823693314,0.00062408,15.37817799
CDC42BPB,-1.595972298,0.000625135,6162.375891
,4.170869197,0.000627214,32.62300109
,3.484556786,0.000627214,42.01503599
,3.810653227,0.000627214,10.16022861
,4.679966823,0.000627214,21.77076741
Y_RNA,2.026338623,0.000627884,69.51883948
TEDDM1,2.854745532,0.000632337,133.9247216
C9orf152,-3.872442171,0.000632337,1136.742885
,4.46507311,0.000640373,29.15202945
CHORDC1P4,2.028039828,0.000644045,26.52117742
RNU6-125P,2.239426062,0.000644839,74.86503991
DUSP5P1,4.09941052,0.000644839,39.98104722
SCN1A,4.530136228,0.000644839,31.90602413
MND1,4.211220132,0.000644839,7.450280791
LINC00943,4.801060101,0.00064512,16.21242059
GALNT13,4.693478602,0.000645738,206.5075819
NFE2L1,-1.563996417,0.000645738,12248.4795
GADD45G,-2.080151625,0.000645979,1319.348063
,7.079976246,0.000654855,12.05808907
,3.69541007,0.000655633,28.95617665
DNAH12,3.696883104,0.000655633,338.1243223
FAM174A,-2.278074098,0.000655633,640.8677096
,1.746610661,0.000655633,222.5376951
SH3GL3,5.425087768,0.000655633,28.44545453
,1.994280444,0.000655633,95.36799019
,6.068709528,0.000656503,35.52129199
EML6,1.908345024,0.000658325,188.5341921
EDDM3A,5.054698502,0.000658325,4.551304374
RAB44,-2.889440492,0.000658643,51.3235971
,4.452515202,0.000662013,87.56773236
ZBTB42,-2.638136178,0.000663367,2175.125224
EML4,1.18716159,0.000675202,3879.380429
PPIAP30,2.391810012,0.000679169,27.87066187
LINC02814,4.78047324,0.00069454,45.0665127
PDE7A,2.257429346,0.000695856,4471.924452
TAOK2,-1.402539678,0.000695856,10060.00643
BTD,-1.44943068,0.000697163,1707.926152
KDM4B,-1.992026955,0.000697163,17678.21058
CAPN14,3.006119151,0.000701057,26.9459386
RDH10,3.008682341,0.000703304,1722.678565
MRPS30-DT,-4.770544877,0.000705824,7174.784568
,1.966168594,0.000712447,152.5420343
SNTB1-AS2,3.231078442,0.000712654,31.42208807
MPZ,1.767692809,0.000721145,65.74940894
NA,4.064272992,0.000721145,12.7737929
HLA-DOB,3.690868212,0.000721145,317.8399245
METRN,-1.627904098,0.000721145,2764.589863
SERPINB13,5.563205458,0.000727956,13.47597538
,2.260503849,0.000732237,54.88704307
CERS6,-2.482024981,0.000747029,1082.403684
AP1M2,-1.966524171,0.000753796,5244.791246
AKR1C6P,3.112460783,0.000759847,14.78176639
KRT18P1,-3.239583229,0.0007601,9.28761041
,4.204431172,0.0007601,50.02288223
LZTS1-AS1,2.957373872,0.000767947,10.91390344
CCDC82,2.109545413,0.000767947,1295.538837
,3.321936405,0.000770546,16.7235594
EPB41L5,-1.63938639,0.000770821,1661.833265
RPS27AP12,2.564225724,0.000772487,83.6854014
,1.672749926,0.000772487,118.4533731
CHPF,-2.026256395,0.000779483,18191.23102
ATP6V1G1P4,2.430212437,0.000789101,23.75276787
ALOXE3P1,-4.512339633,0.000789101,19.46760812
APPAT,1.90138036,0.000794339,1347.328901
RGN,2.965282975,0.000794339,161.4621736
NCR3LG1,-2.646846574,0.000801427,165.5580442
B3GAT1,3.806728456,0.000803621,352.5119575
FUNDC2P4,5.325672503,0.000803621,22.84245822
CDKN2A,2.432484197,0.000805496,1294.568068
PSMD10P2,3.735179086,0.000805579,13.7901116
IL12A,3.550407042,0.000805579,42.06666785
RMEL3,4.274437852,0.000805579,16.95773699
,2.855190698,0.000805579,56.44180512
,2.301036282,0.000811741,29.74870515
RPS14P5,2.98471718,0.000812418,19.38294989
,3.740528929,0.000815935,203.5072404
ROPN1L,-3.205349481,0.000815935,46.4187121
HACE1,1.853659418,0.000815935,956.8510864
MS4A2,-4.179476817,0.000815935,250.4278259
RBM22P2,2.191145069,0.000815935,174.3360767
SLITRK5,4.415629982,0.000815935,467.8269223
LGALS3BP,-3.162545592,0.000815935,77438.27425
PMFBP1,2.868696921,0.00081596,195.9977091
NFIB-AS1,5.073039092,0.000820596,83.67783563
KIRREL3-AS4,4.739790574,0.000820596,10.52465489
,2.405466622,0.000822319,206.0407714
TPRG1,-3.930381063,0.000826103,1635.513503
CHD7,2.106082318,0.000826776,8595.739214
NUDCP1,3.364759337,0.000832588,26.93848168
ACAN,3.910039633,0.000832588,1293.070534
ERVK9-11,3.554021613,0.000835916,93.99508528
RNF157,-3.279485201,0.000846062,337.7468681
WWTR1-IT1,2.248107691,0.000849744,60.7921542
ATP8B5P,3.024513139,0.000850187,39.23610657
UGT8,3.955968539,0.000852484,306.9685652
,2.483441302,0.000857299,19.61855501
DDR1,-1.907227813,0.00085788,51116.05932
TSSC4,-1.246211592,0.000860548,2836.643279
ARSG,-2.094037008,0.000860548,1198.404372
AMH,-2.926975991,0.000860548,1511.8986
CREB3L1,-3.506115703,0.000869772,10474.66995
,2.155459831,0.000869772,49.70063396
AKAP12,-1.556085699,0.000870732,2239.672213
ATP5MC1P6,4.770128638,0.000870732,16.01677464
SNAPC2,-1.937032107,0.000870732,2013.542401
TAFA3,3.585346144,0.00087515,104.3239613
,2.160690908,0.000883779,47.28524267
MDGA2,4.110612384,0.000883779,26.15743863
TSC22D3,-2.72883662,0.000884789,7792.148675
B3GAT1-DT,3.963736309,0.000887683,40.56574146
CDCA7,3.427107034,0.000893071,497.6500699
SNORA70,2.697993844,0.000898744,83.9282575
LINC02613,3.081559931,0.000898744,263.4729154
NA,6.118125674,0.000898744,32.926079
LINC00397,7.045698069,0.000898744,11.81504264
NDUFA9P1,2.788149469,0.000899088,334.6060986
,3.641949883,0.000901974,86.43286403
MRPS17P1,3.728650254,0.000912331,19.50322348
FCRL5,4.433688935,0.000912331,655.6955833
CNKSR2,3.729784215,0.000915771,143.3739222
ST13P20,5.756047304,0.000923453,4.756809128
NKX1-2,4.444603418,0.000923453,32.6087067
ONECUT2,4.475698413,0.000923453,262.609965
PLS3-AS1,3.996303817,0.000926205,26.92864817
GET3,-1.563569246,0.00093649,4020.280557
MTHFD1L,2.26301835,0.00093764,1055.711378
,3.195650533,0.000943382,20.64174176
LINC01139,4.296063001,0.000944292,134.0368993
LRRTM4,5.152577542,0.000944292,7.244816396
SPTSSB,-4.06581316,0.000944292,1331.839055
ORC6,2.376247686,0.000944292,480.1324344
ZNF689,-3.685165638,0.000944292,2935.078732
L3MBTL4,2.994829803,0.000944292,663.5138345
,1.544662255,0.000946858,74.02745794
HELLPAR,2.517529394,0.000952176,536.8762955
RETSAT,-1.629985844,0.000961242,4174.975418
,2.055866371,0.000961265,117.8141509
,4.562995437,0.000963463,11.52310258
RPL35AP31,-5.362444221,0.000964102,8.578891506
PAXBP1,1.483838854,0.000966998,2907.707496
GASK1B,-3.054325053,0.000967711,4892.15416
PARP15,3.960407695,0.000968655,650.2639815
APBB2,-2.276669428,0.000976929,5124.146329
,2.990930089,0.000976929,25.85686414
OXR1-AS1,3.154456997,0.000978072,28.83666862
,3.73032921,0.000983822,215.8557794
ETNK2,-3.413852553,0.000984791,2547.167232
ANKRD45,3.711764943,0.000984791,32.81563903
,7.37844146,0.000986879,14.87709869
,1.623822948,0.000989849,155.0414165
FAM230I,4.81039362,0.000989849,29.33699691
,4.821382059,0.000991092,67.80687078
,4.066513359,0.001003166,30.39794405
,3.04600507,0.001006804,31.81058752
KCNMB2-AS1,2.597004454,0.0010193,58.11665131
PRSS8,-2.093733411,0.0010201,11642.6421
KLK8,4.057169636,0.0010201,135.4676931
SNED1,-2.443235551,0.001021221,4309.716446
NPFFR1,3.825820196,0.001022061,47.21182977
NA,3.553118358,0.001030045,7.425119027
,-4.126763006,0.001045836,604.1241151
,2.577195391,0.001051852,581.8644133
,2.031850974,0.001051852,28.63193819
FRAT1,-2.320673121,0.001060439,408.2436551
OR6V1,3.127885885,0.001077823,31.63922247
,6.414484343,0.001077823,30.35334291
TSPAN13,-2.386505596,0.001077855,6900.205045
Y_RNA,2.478297288,0.001077855,49.03341175
PIERCE1,-2.203705188,0.001077855,249.9507108
RN7SL388P,1.990504428,0.00107814,36.55366406
PTGFR,4.395524919,0.001080842,239.6470494
MOBP,3.44109601,0.001084719,23.74825552
NDUFB3P5,4.908599043,0.001084719,24.63729449
,3.674720549,0.001084719,54.98514636
INTS6L,1.890834264,0.001085743,734.3017091
PARAIL,2.504846377,0.001085743,2949.834943
CENPW,2.696480581,0.001089317,178.8773331
DOC2A,-2.284636481,0.001090713,1752.043038
GSTM3,-3.16073433,0.001097301,2641.372069
FAM238C,3.653088359,0.001097301,656.9587423
BMPR1B-DT,-4.804336685,0.001100803,55.85595803
KRT18P17,-2.669059629,0.001101898,40.01278048
ACTN2,3.722393824,0.001103781,101.3955008
,5.500170918,0.001103781,29.26800897
NFIX-AS1,5.477472097,0.001103781,8.971760741
ZNF726,2.636533019,0.001103781,400.3358406
,-1.846186683,0.001108527,25.24827652
,1.864190585,0.001111827,149.1228445
LINC00632,3.370655573,0.001112249,1689.192022
,2.403069565,0.001113796,512.1171993
FXYD1,4.955730725,0.001113839,116.6503656
,2.448735187,0.001115445,69.72667104
RPL13AP9,2.611859181,0.001118156,69.56064769
ZNF385A,-2.460024077,0.001118156,5270.638816
,-3.555195562,0.001123928,241.209506
RIMS4,-3.240668251,0.001129959,538.1679386
GLYATL1B,3.034575936,0.001142308,27.04628077
EEIG1,-1.705765696,0.001142888,14588.34062
Y_RNA,4.899313751,0.001147033,8.995763581
CD72,2.974013548,0.001149625,704.2076198
ANKRD62,4.529421117,0.001155752,168.9200473
FMO6P,4.12431892,0.001165397,45.97963119
PCMTD1-DT,2.1034448,0.001168345,694.2624236
,1.632550603,0.001171057,46.99400245
PFN2-AS1,3.199662189,0.001171107,17.28674932
,-2.632320586,0.001171107,320.3699588
CDHR2,1.684974033,0.001173232,77.11367538
,1.507547464,0.001181627,256.630254
,2.399095671,0.001182016,182.2868735
SIM2,4.182302761,0.001182016,741.2996802
PSMD7P4,2.279381413,0.001183939,77.51782393
RDH10-AS1,3.354953801,0.001183939,44.20845555
RARA,-2.36808421,0.001183939,8594.209302
,3.179616584,0.001185278,774.2193908
,2.80672337,0.001194077,166.7133471
RAB26,-1.803204406,0.001194077,1895.444087
,-2.515465042,0.001203853,113.1093321
HMGB1P21,3.116997073,0.001205947,57.33750734
TMEM123-DT,2.664743996,0.001207843,32.97004673
OLAH,3.482620296,0.001209273,26.84665379
,4.857554667,0.001218058,14.80269884
YIPF3,-1.276421572,0.001221541,6262.872477
,-4.380558766,0.0012251,6.760474863
,1.737415337,0.001227545,223.2821259
RNU6-437P,3.03966623,0.001227545,19.48106875
DONSONP1,2.163810924,0.001240963,37.18781631
NA,6.041079959,0.001240963,483.6993753
KIF12,-3.900657822,0.001240963,21355.22735
LMTK3,-2.989649415,0.00124142,3304.459699
TEX46,4.242405393,0.001248216,7.665525333
NTSR2,4.648976709,0.001248216,15.8767921
SLC8A1-AS1,2.369809292,0.001248216,46.12514366
RNU6-310P,2.412388654,0.001248216,10.28652035
NA,6.273805355,0.001248216,23.44584471
CEACAM5,-3.953732637,0.001248216,95.20670354
LINC02872,3.330131664,0.001248316,20.43539674
CA6,5.268168145,0.001250994,10.72769458
RPS7P3,2.639788786,0.001250994,42.67958802
UPK2,2.625057686,0.001265445,57.80774192
TMEM25,-1.989163912,0.001266575,4121.816621
,-3.024752961,0.001266923,2062.098236
,2.040001791,0.001268492,64.70202279
,-2.230602212,0.001269337,208.0336902
,5.926001288,0.001277081,5.444516162
,1.813641128,0.001278386,194.7999652
LINC00662,3.034382928,0.001279773,9601.248469
CBX4,-1.865515673,0.001279829,4409.973561
RNU6-1086P,4.513588407,0.001280082,11.54602765
H3C10,-3.257365423,0.001281185,467.9710517
PCDH9,3.293762549,0.001281185,285.6764752
PRSS29P,-5.205541965,0.001281185,22.05424407
,-1.353791803,0.001281185,119.688232
,5.229197758,0.001282664,18.25325797
MISP3,-1.883163614,0.001282664,1670.817397
,4.179185681,0.00128348,19.49178641
NDUFS7-AS1,-2.147745345,0.001290379,18.32304031
NA,2.408725403,0.00132052,109.7511124
SDF4,-1.269886099,0.00132052,11418.92601
CCDC18,2.02822478,0.00132052,2018.722786
ACTR3-AS1,2.108671685,0.00132052,77.35903269
HSP90B2P,2.341062494,0.00132052,95.66994593
MT-TS2,3.379444172,0.00132052,13.45742516
RNASE4,-3.253563362,0.001327998,66.00578196
CHRM3,3.787267137,0.001328921,504.4025567
IGFBP4,-2.501822399,0.001337161,37927.83938
APCDD1L,3.253408448,0.001342804,935.2672006
RNF157-AS1,-3.322593698,0.001343087,91.27059326
MIR548F2,-5.076003873,0.001345293,4.720608282
FTH1P3,2.334259396,0.001357793,87.44218571
PLEKHA8P1,1.321176001,0.001357793,357.0100255
PLA2G4E,4.537162157,0.001368011,16.98216708
SHROOM2,-2.218411036,0.001371083,1046.807781
LRP8,2.587035005,0.001372853,815.5591602
MIR3682,2.09428841,0.001372853,30.00490315
AKR7A3,-3.217033645,0.001377894,1115.516911
HK1,-1.411707754,0.001378977,10297.49399
PER3,-1.890932305,0.001379846,1814.760081
WBP1P1,-1.741811984,0.001379846,33.88144013
NPY4R,4.106944567,0.001379846,12.21511912
TRIM55,5.072748624,0.00138041,49.65823499
TPSG1,-4.913307326,0.001381251,591.0164742
,5.619957414,0.001381251,4.412042544
,1.680896775,0.001385745,54.51090576
BLACAT1,4.554086193,0.001393969,399.7956346
SPRED2,-2.3185358,0.001393969,3137.73626
CLCN5,2.078050661,0.001393969,542.3020997
,2.28080464,0.001393969,58.17612272
GUSBP11,2.152128242,0.001393969,455.9975365
ANO3,3.585598627,0.001403258,13.45933864
MSLNL,4.080258359,0.001403258,303.4684955
ZNF446,-1.321004161,0.001403673,800.251203
SCD,-3.23816894,0.001408804,19733.07253
LIX1,3.592674554,0.001425488,33.28076014
LINC01563,4.11257246,0.001428702,28.16485828
RPSAP36,1.838047574,0.001430439,449.1345807
TRIM3,-2.170698925,0.001430439,5127.037804
CST3,-2.315480996,0.001449357,18634.90651
,3.460751257,0.001451115,7.019053673
AADAT,2.629966823,0.001451115,332.6122968
ENTPD7,-1.215137859,0.001451115,927.6873764
RPL31P58,2.163687705,0.00145613,49.50985886
,2.116942081,0.001457384,70.16479357
KATNIP,-1.306725351,0.001457384,3763.738012
SBK2,-4.34662921,0.001457384,15.06394952
,4.709548603,0.001466899,39.85369007
CTNND2,-3.339775119,0.00146751,913.6425621
ARMH1,1.728661682,0.001470619,770.0819792
FBP1,-4.04938845,0.001470619,3820.945176
TIMM9P2,1.721036253,0.001471547,29.99099908
,3.676473379,0.00147355,8.803569322
MDN1,2.30191862,0.001473559,8225.459769
FMNL2,2.088778237,0.001489244,1641.435686
,2.323494032,0.001492812,25.12327822
GLYATL2,4.067980682,0.001496493,377.402547
PEBP4,-4.114287199,0.001509461,48.78270376
TRHR,5.25690571,0.001509461,14.59476391
C3orf52,-2.694766557,0.00151075,917.2161388
ODAD2P1,5.852793707,0.00151075,36.91995422
,6.420928421,0.00151075,7.63046093
U6,2.832854892,0.001512791,12.5808781
U3,6.595765325,0.001512791,12.94239705
CFAP298-TCP10L,2.110463675,0.001514959,867.2119029
BCAN-AS1,-4.031322768,0.001518244,522.8859938
ARMC5,-1.237390599,0.001521514,2293.261525
RPL31P61,2.710698925,0.001522646,85.01293114
GCSIR,5.370233292,0.001522992,3.736011407
GABRP,4.036726203,0.00153854,8078.74907
NA,3.826117658,0.00153854,86.67860446
EDNRB,-1.706555443,0.001551786,222.0960821
,2.977353931,0.001554272,19.38308161
,-2.83308211,0.001554834,114.897821
VPS37C,-1.334921705,0.001554834,2782.820844
SLC39A7,-1.263572284,0.001556531,7767.89127
AGRN,-1.702306541,0.001563459,61814.90574
SYT13,-4.844320961,0.001563853,1004.655786
,-4.165827252,0.001564786,19.69424249
NONOP2,1.076980698,0.001565348,302.5312422
UGDH,-3.220261567,0.001566185,4279.833418
MEIS3P1,-2.886149641,0.001591319,237.6980577
RNU6-118P,2.318757479,0.001593332,55.70188296
MPP7,-2.871879205,0.001593553,1009.397272
ARF3,-2.213456251,0.001597918,12728.50927
LINC00877,2.318649441,0.001597988,23.12804515
LAMB2,-2.086934854,0.001600094,28541.1083
,1.593785248,0.001601436,25.06616064
LINC00940,-4.008822272,0.00160854,66.93105105
LINC01910,3.526633753,0.00160854,12.4675309
,2.305779013,0.001612059,33.09797654
ZNF670-ZNF695,3.688515854,0.00161487,44.44158576
DNASE2B,-3.882727538,0.00161487,19.32989533
,-3.587860192,0.001616045,22.815691
TRIML2,5.323227569,0.001621088,31.30246226
SFXN3,-1.795630876,0.001621088,2765.230176
PPP1R14C,3.553761205,0.0016309,325.1992376
ABHD2,-2.720645897,0.001633886,6276.679554
,-2.800571387,0.001641486,13.01614922
HPN,-2.232954973,0.001641486,6657.259663
RPSAP21,2.660222,0.001659203,132.1512587
,1.631575647,0.001665961,90.9320927
,4.508225109,0.001680092,29.71244911
,2.822358859,0.001697862,38.46071152
DLX6,5.294527119,0.001700374,38.5855581
DNALI1,-3.605157114,0.001704661,1731.123252
GCSAML,-3.441764459,0.001704661,11.28599505
HOXB5,3.369194105,0.001705824,257.5552599
LINC00504,-4.46348325,0.001709016,1990.397529
AZGP1P2,-4.208923369,0.001722483,18.56028205
KRT83,3.646502923,0.001729271,43.230179
,5.59082564,0.001738331,6.522915861
PRKACB,-3.921270951,0.001742162,8183.832471
SLC38A3,2.754180407,0.001742162,371.8978526
Metazoa_SRP,4.713271641,0.001742162,5.406132742
RPL18AP2,2.171416441,0.001742635,31.39571981
,9.419974572,0.001750177,61.0333271
Y_RNA,-3.37256828,0.001750602,19.11009778
CPEB2,-3.006931728,0.00175356,2926.373999
PLA2G2D,4.644631981,0.001758579,369.6911927
TRAF3IP2-AS1,1.404388361,0.001768373,303.0967683
MYO1H,3.764719274,0.001778849,126.2835141
,3.674580503,0.001778849,10.76033328
,4.474450914,0.001783475,10.71862054
SYTL2,-2.21711227,0.001800774,3146.166206
,9.917841142,0.001804246,86.20360709
KNOP1P4,5.542027125,0.001829871,322.6834579
ARL9,3.6141773,0.001840992,171.9145372
KIRREL1-IT1,3.060778532,0.001842616,47.30059496
RNU6-813P,-6.086095295,0.001854176,38.27856989
MROH9,3.767973057,0.001866636,91.42280836
TOM1L1,-1.982647114,0.001868161,1537.733121
SMC6,1.175301366,0.001873177,4068.30866
,2.570619976,0.001873177,27.68536198
,1.688008209,0.001887426,132.8662761
RPS15AP30,2.110250996,0.001890961,66.05208286
POLR3G,2.286072988,0.001891236,269.4476966
,-3.409099804,0.001893289,15.82715037
RNU6-485P,2.49027561,0.001894685,25.99944652
CANT1,-2.19292143,0.001894867,5395.044705
GRIN2B,3.110761835,0.001897223,69.72633315
RPS18P14,2.729529014,0.001898348,53.80154501
KLK7,3.398708057,0.001900814,771.4325117
CERS2,-2.35817485,0.001903225,9363.202975
PCAT6,2.314061004,0.001903225,719.7618654
EIF4E2P2,5.961614422,0.001903225,8.420540325
MTCH1P1,2.404158477,0.001903225,25.77764313
,1.950563157,0.001903225,78.84020282
,2.439643596,0.001913027,41.11508001
,4.059974803,0.001913195,96.95142806
KIRREL3,3.17997919,0.001913195,104.9682954
HSPA8P14,2.898214034,0.001913195,34.90403786
CCDC150,2.839259988,0.001914276,431.2001064
OR2S1P,4.457220907,0.001914276,129.6883607
STRA8,5.509404767,0.001914658,13.50372199
SOX11,3.753906489,0.001914688,615.6825012
Y_RNA,5.426576234,0.001916562,5.830075183
FAM83E,-3.670266626,0.001917971,5647.254451
TKFC,-1.544337685,0.001923097,4399.82379
RBMX2P3,2.032775414,0.001928031,37.60653458
FCF1P7,2.17877083,0.001935583,107.8994314
LGI4,4.207280954,0.00195055,3280.643628
SUMF1,-1.886842137,0.001959361,1678.297143
LINC00842,4.944914051,0.001963253,62.54595682
,1.549510246,0.001964507,166.574052
LINC02136,5.985480199,0.001964507,5.662886226
RNF13P1,5.19270619,0.001974118,67.72025338
PHB1P13,-3.464476466,0.001993272,11.81329845
LINC00534,3.346027892,0.001995187,28.49233886
SLC44A4,-4.806040409,0.001998629,6243.057022
,4.601862552,0.001998629,10.16605064
RNF40,-1.681484354,0.001999632,6628.958404
RNA5SP92,4.352135759,0.001999716,10.46803553
NUDT8,1.884207507,0.002000657,278.8228434
MYADM,-1.593939478,0.002000657,8335.089423
MARCHF2,-1.329845487,0.00200932,2054.946911
ROBO2,-3.703538441,0.002017293,257.7411698
,3.661730651,0.002017293,13.31603214
,2.277541352,0.002018582,15.51206922
RPS15AP39,1.980511912,0.002025446,30.17963613
TTLL2,4.425260073,0.002039949,13.89649345
CPNE4,3.211444589,0.002043797,17.43158944
,2.610566682,0.002046862,39.87261705
NA,3.909204836,0.002048459,7.450918208
,5.798121915,0.002051022,4.944100589
VLDLR-AS1,3.3263669,0.00205178,119.4228335
SLC35F6,-1.73123959,0.002053036,3977.38535
BZW1P2,-2.710768671,0.002053036,28.99203662
UPF3B,1.248938736,0.002053039,2396.85144
SH3BP4,-2.258938352,0.002055565,4321.018714
PPP4R2P4,2.383003556,0.002055565,164.1766423
GPR82,1.621296186,0.002058143,100.2059786
RAI2,-3.128210355,0.00206543,1644.283519
SLC26A8,2.346153371,0.002076267,80.42316443
RHBDD2,-2.034370836,0.002076267,8376.315103
NEURL1,-3.653510208,0.002076267,1780.437598
,2.867803592,0.002076267,81.55534729
PRR29,-1.664023574,0.00207879,224.8753428
MYBPH,4.281191488,0.002079329,170.7678258
PALS2,2.154718522,0.002079329,376.9679343
,1.910245288,0.00208601,387.2259195
,2.632943858,0.002100767,49.07876079
LINC01418,4.117075097,0.002106186,90.47468632
,2.691089556,0.002109224,54.9106565
HRCT1,4.368253519,0.002109224,311.8636658
ARSF,4.770405609,0.002109573,22.69037154
CDHR4,-4.041957251,0.002114041,98.32094377
CHEK2,1.930771769,0.002119087,563.3920226
,6.23160536,0.002131877,44.53824581
CP,3.443791224,0.002134534,595.8172132
,3.866405197,0.002142254,10.39614965
ARRB1,-2.526420461,0.002143687,2423.779853
RNU6-123P,2.480432921,0.002153945,37.25308329
NA,3.043577904,0.002157696,36.65172661
RPSAP16,2.524618051,0.002162432,119.6644986
MPL,1.848283784,0.002162432,153.463635
NRADDP,1.658357076,0.002162432,70.38607092
RAB1B,-2.01724284,0.002165037,8515.4675
C1QBPP2,1.902097153,0.002165037,165.1759739
GAS2L1P1,-4.143928719,0.002168067,16.11243198
LINC02207,3.95563596,0.002177619,24.11820682
HTR3A,5.237586674,0.002196407,32.29617751
CLCN7,-1.270149889,0.002211483,11441.82992
GOLGA6L4,2.400946084,0.002213617,41.40051492
DEGS2,-3.482285372,0.002216611,4990.335613
HIF3A,3.216958526,0.002216611,242.3054475
PLP1,2.452725902,0.002221564,45.72844402
FGF13-AS1,3.471036744,0.002221899,48.61812313
MTCP1,1.282903175,0.002221899,50.57596239
NTSR1,3.576275755,0.002221899,16.82291098
POU2AF3,2.210251296,0.002222817,134.8017258
RN7SL11P,3.517365677,0.002227776,27.04466407
CEROX1,3.54662437,0.002227776,2947.289466
SP140,3.528779121,0.002234376,617.2437985
AP2A1,-1.279985605,0.0022389,8320.516979
,2.611569049,0.002240178,63.59723832
,7.112929082,0.002249316,12.36633338
MAP3K12,-1.703414033,0.00225319,2410.780018
FRG1CP,2.684625276,0.00225319,442.9205232
SEC61GP1,6.528255564,0.002257731,8.247263367
Metazoa_SRP,1.922988189,0.002259204,34.11985613
MIDN,-1.539847895,0.002259204,10434.84013
DMD,3.874680845,0.002259428,4472.543295
LINC01273,2.764613845,0.002259428,25.57191446
DNAJC12,-3.639248596,0.002268758,759.9145205
EGLN2,-1.350775631,0.002271552,880.6974804
,2.532819434,0.002274269,10.25552569
AGPAT1,-1.591653613,0.002274445,2308.325328
LINC02771,4.19206532,0.00227617,24.12230243
PTPRN2,-4.262679975,0.002281429,2011.063685
,5.486819412,0.002281429,6.068280202
MARK1,2.336993909,0.002282608,546.9583779
,3.965182507,0.002283703,9.834349417
,1.244492241,0.002296456,478.6703452
TRIML1,6.567210923,0.002300218,19.03193234
,3.437633988,0.002310644,9.890854342
CASP8AP2,2.104580136,0.002319379,8147.737086
AZGP1P1,-2.330551682,0.002319379,1628.08185
,3.786730983,0.002336276,10.20411503
S100A9,4.380037683,0.002340184,301.119882
SNORA77,2.558362594,0.002344625,43.02896768
,4.751196944,0.002344625,50.36970434
,4.879724504,0.002344625,3.963059156
SLC27A4,-1.420526156,0.002344625,2928.297085
LIN28B,6.85311043,0.002349155,10.35716665
BCL2L1,-1.574601055,0.002349974,4528.69225
PPP1R26-AS1,-1.660461092,0.002353443,281.7555759
KCNJ9,2.738366771,0.002355745,27.67879158
,4.43265457,0.002378113,98.9578293
,3.324182485,0.002380076,87.74655873
,3.638711769,0.002396007,21.00066679
MEX3A,3.187407244,0.002400755,9486.672525
FAM157D,2.514623597,0.002404123,27.00496028
ZNF516,-2.76729568,0.002405558,1822.166815
LOLI1,3.01332591,0.002406777,45.20785742
NANOGNBP3,2.526044342,0.002406777,27.76458463
FAUP4,2.559150938,0.002406777,484.3529722
,1.899035592,0.002406777,280.7644283
AKT1,-1.42608269,0.002415678,13706.29071
TPTEP2,1.911327822,0.002415678,651.1630315
,1.957244086,0.002421101,206.5011872
,-3.142935055,0.002423749,24.64742092
OOEP,4.587303934,0.002436529,17.05488273
SQSTM1,-1.58415048,0.002438216,12946.77227
WAKMAR2,2.213522134,0.00244584,187.0290561
,1.818279893,0.002446601,55.96542991
ST3GAL6-AS1,2.691174044,0.0024546,94.29471871
RAET1E,2.837019549,0.0024546,184.0793691
ZNF280A,5.842028334,0.002462084,5.119391772
RPS15AP18,2.282461553,0.002462788,11.61289305
FOXA1,-4.696567716,0.002468583,13880.74314
PAX6,3.543615739,0.002473275,79.66042651
PCSK2,5.275061495,0.002475424,11.17102434
LINC01220,-2.612101868,0.002477881,14.36780189
ABCD3,-1.233173653,0.002478922,2432.293449
TCTN3,-1.500170553,0.002480286,2054.340365
,1.93178241,0.002480286,21.51657776
HEXIM2,-2.076618449,0.002480286,56.63437092
,1.799215452,0.002493863,174.7063733
RPL7AP60,1.506639681,0.002494738,169.5436904
GATA3-AS1,-4.161011906,0.002508745,1395.439909
KRT18P4,2.567655007,0.002508745,153.9230937
,3.735039827,0.002518732,9.373789032
RBFOX3,2.739765567,0.002522017,61.39250481
Y_RNA,2.200435095,0.002522017,11.50456375
MIR133A1HG,1.459450513,0.002557183,102.9375623
ARHGAP30,2.561573727,0.002564182,4361.836299
FZD9,3.221906962,0.00256562,168.7401314
,2.348580956,0.002568447,12.7087571
GNB2,-1.805313681,0.00256948,17306.70672
CD38,3.453038343,0.002570209,215.314263
GLUL,-2.315859301,0.002571482,39524.52556
,5.34335701,0.002571482,3.610079416
DOCK7-DT,2.84404157,0.002572422,44.37804199
LINC02489,-5.245533871,0.002572422,5.364873889
RNU6-834P,2.127639965,0.002586638,30.83138041
ZFAND3,-1.51839915,0.00258756,3985.330471
AK8,-2.254551258,0.00258756,242.2799344
MCPH1-AS1,1.659635347,0.002596413,620.908534
SYBU,-2.736818033,0.002603115,1543.974466
RPL31P21,2.888829165,0.002609237,23.00703366
,-3.573910857,0.002618107,37.56035651
CD19,5.017729063,0.002627142,1082.914395
CHAD,-3.878306619,0.002627142,2360.235379
SMIM47,3.321063278,0.002627142,19.511916
ANKRD20A21P,3.70912767,0.002644969,156.2977093
PRXL2B,-2.271898745,0.002659052,4673.603108
NBPF14,1.54798629,0.002660047,1447.22269
FAM27C,1.937259394,0.002662735,38.15336345
,5.463730535,0.002683196,9.071277069
LAMA3,-2.274310407,0.00268524,3752.479217
CTSD,-2.845127533,0.0026935,43454.30596
KRT8P37,-3.033210866,0.002695588,7.917997391
TMEM59L,-2.610012429,0.00269688,184.7531988
TCHH,2.865087577,0.002698659,73.35676719
GDE1,-1.828411148,0.002704754,3867.825519
PNISR,2.128066185,0.002705058,32374.2225
SHISA6,-3.786810881,0.002705058,180.758884
RPL29P35,2.862185898,0.002705058,11.8719521
NA,3.845195005,0.002713989,30.10745991
PSAT1,2.966625686,0.002714438,328.649877
,2.146749559,0.002727038,32.38143111
INPP4B,-2.763188077,0.002727038,2623.271922
RAMP1,-2.704157064,0.002727067,438.5553886
SAMMSON,3.736849955,0.002727067,35.98570218
HADHAP1,-3.762312777,0.002727067,29.81494171
GCNT2,2.124185312,0.002727067,2070.984607
,1.815877793,0.002727067,42.38231607
CARD19,-1.413640152,0.002727067,2831.439642
DCHS1,-1.644408631,0.002727067,4782.87579
LINC00517,-3.220769127,0.002727067,30.05040369
POLR2F-AS1,4.497752075,0.002727067,68.0399605
TTC6,-4.42162514,0.002750229,2686.240368
,2.37510715,0.002752651,58.33530771
,3.560498059,0.002756321,15.8128026
RNU6-645P,2.993135574,0.002763959,8.607862159
,2.307853185,0.002763959,98.9143757
RIC8A,-1.342035333,0.002763959,8940.821496
RERG-AS1,-4.148403267,0.002763959,8.830720966
EPN1,-1.493478983,0.00276588,15698.36701
DACH1,-3.594228575,0.002770246,1629.179974
PYCR1,-1.628737762,0.002789071,6085.967926
KRT16,-7.008806938,0.002808332,619.6082171
EVI5L,-1.660466658,0.002814008,3355.519548
COL4A3,2.996927001,0.002816786,287.1857521
C9orf85P2,2.045159928,0.002816786,50.56589063
,4.39692135,0.002820535,10.49057149
,2.123436608,0.002820535,18.36816403
PRLH,-5.705214239,0.0028217,4.825265339
RASEF,-1.9855426,0.0028217,2980.856525
,2.762577318,0.0028217,288.5032034
RPL37P3,5.005557311,0.002829901,6.512462054
CYP4F8,-5.769771199,0.002835432,1700.432218
RNU6-665P,1.897492246,0.002836159,19.54497469
PRKD3,1.067552336,0.002836258,1295.021636
SLC39A12,4.858861643,0.002847655,8.483855578
SEC16A,-2.111493647,0.002851357,13767.51736
SLC2A5,2.239974332,0.002865035,260.2364549
RPL19P6,1.787125578,0.002865035,106.5500982
,-5.390322889,0.002865035,8.978673901
,5.398640782,0.002865035,46.5240562
FAM120AOS,-1.633233439,0.002865628,3691.964
LRPAP1,-1.84478842,0.0028805,5632.875996
NA,3.821813406,0.002889743,16.68940698
HSD17B1P1,-1.948392988,0.002894444,113.5783253
SPANXA2-OT1,2.743766435,0.002908508,158.7819208
MAPT-AS1,-3.691464552,0.002908508,183.0486207
RAB29,1.31426355,0.002909767,1430.122568
C2CD5-AS1,3.518824916,0.002909767,68.75327898
PRKX-AS1,3.699752187,0.002911472,15.29779169
NA,3.624778862,0.002916427,144.2427578
RPL29P8,-3.864232033,0.002919883,8.062173985
NXPE3,-2.200420635,0.002919883,1955.03917
NKX2-5,4.675210889,0.002919883,97.45226003
PKIB,-2.793632303,0.002925186,716.520824
SIRT5,1.275407303,0.002954385,1430.979431
LANCL3,3.2818799,0.002954385,65.50548792
RPL21P12,4.090594367,0.002963709,6.726669155
,-2.092419939,0.002979039,237.3683683
CORO1B,-1.452558052,0.002984765,9309.721276
IL6ST,-2.88330039,0.003016373,19543.97916
E2F5,1.296387609,0.003016373,918.2297887
C12orf56,2.672145799,0.003016373,20.44523117
PTP4A1P1,4.407581369,0.003024211,18.09904449
NA,4.294532127,0.003024211,11.81073302
LINC01436,5.237136161,0.003024211,644.5364212
RAB11FIP5,-1.831988528,0.003026744,3750.088868
,5.350414159,0.003026744,5.565379326
CAPNS1,-1.156700768,0.003026744,25991.78863
LINC02018,1.517593421,0.003031277,65.36614217
RN7SL363P,5.237208603,0.003031277,5.020016627
MIR200B,-2.64683744,0.003041343,137.640166
,2.341266153,0.003041343,106.4186643
,3.146763133,0.003041343,56.44800942
,3.982776877,0.003042779,12.41427791
SEC23IP,-1.438104479,0.003068833,2108.17887
LSM3P5,3.094043245,0.003074341,14.50241309
MRPL15P1,4.396624428,0.00307859,6.143820736
SLC19A2,-1.397450556,0.003080563,1741.877699
LINC01579,3.659906305,0.00308208,17.13927593
PIGFP1,4.510375978,0.003084459,8.838324
SMIM1,-1.836983539,0.003095824,101.7118187
UBE2I-AS1,-3.059674127,0.003098209,129.5271142
RUNDC1,-1.905682445,0.003098209,4228.147023
STX8P1,2.900385421,0.003106913,53.97136206
EFCAB5,2.118532247,0.003106913,54.73873039
,-3.481354891,0.003119346,11.79987625
B3GNT8,-1.971163751,0.003119346,246.3998608
PLEKHG4B,2.804232876,0.003154225,3572.13922
CILP2,-2.450920056,0.003154225,1457.45092
PAX2,-4.445130082,0.003159405,193.5508051
ERICH1,1.586516517,0.003162241,3340.703267
,2.549973255,0.00316931,79.75499766
SLC16A5,-2.398688904,0.003180911,2185.375411
LNX2,-1.992687553,0.003188653,905.1693383
ZFYVE1,-1.196484907,0.003192166,1513.408818
ZNF497,-1.450947889,0.003213866,775.9925277
,5.180593451,0.003218737,10.53327802
GATA6-AS1,3.59671047,0.003218737,64.15174429
Metazoa_SRP,2.434027697,0.003227564,20.21535006
RAB3A,-1.83612326,0.003237915,382.6798197
LALTOP,-2.82900646,0.003238053,162.9704806
,2.45317642,0.00323879,9.554835498
ELAVL3,3.615174144,0.00323879,29.50718046
ACTR1A,-1.112050943,0.003240265,5627.51716
SNRK-AS1,2.359989247,0.003253271,83.30021248
SRMS,-1.948232418,0.003275248,3446.229915
ZNF124,2.282382378,0.003282036,1301.128084
HCG22,4.410549522,0.003284682,21.30136
TMEM127,-1.865343514,0.003300605,6056.183847
SLC45A4-AS1,2.914792948,0.003300605,6.756752045
DNAAF8,-1.644537335,0.003300605,320.7206488
RNF14P4,3.116678376,0.003313371,10.84583391
GEN1,1.434094434,0.003321092,1069.797439
GNL2P1,3.967152644,0.003321092,20.58508236
ARHGAP1,-1.473140899,0.003321092,9307.588869
RNF217-AS1,1.951522997,0.003324551,126.5620738
DAZAP2P1,-1.851825106,0.003327556,92.27659504
RORA-AS4,-2.314765712,0.003327556,46.47374132
,2.810179581,0.003340852,17.08819891
LINC02953,-5.057266231,0.003340852,29.61310406
GOLGA6L7,4.469506252,0.003340852,6.499198967
PRC1-AS1,2.198426272,0.003341845,102.1610374
KLHL34,4.43966114,0.003343248,60.79313117
GPR151,5.33046632,0.003349692,3.593791269
PLGRKT,-1.67706387,0.003349692,496.134355
TNFRSF11A,2.259515736,0.003349692,366.4244641
RNY1P9,2.01173504,0.003352152,16.41156766
NDST1,-1.348166243,0.003354435,8324.87164
RNU6-1016P,1.84455123,0.003354435,138.7618141
NOTUM,-2.565085717,0.003354435,65.31713601
,2.372712643,0.003357492,244.3982929
GOLGA6L17P,3.175005412,0.003370557,16.1025842
ERBB2,-1.693219114,0.00337105,24760.8803
NSFP1,-3.675617023,0.003381561,11.37193814
SMOC2,-2.227902859,0.003384875,2626.040141
VSIG1,2.679907468,0.003384875,80.00643389
LGALS4,3.084322314,0.003411554,232.3040492
KRT19,-1.931080195,0.003420464,67936.75308
PCP4L1,3.588314469,0.003420922,86.73387505
TNKS1BP1,-1.425001428,0.003420922,22407.96302
TMEM219,-1.203350652,0.003420922,4099.358231
NPM1P37,1.504730938,0.003421549,78.34423354
CREB3L2-AS1,2.848773542,0.00343039,16.43079982
,3.269403809,0.003446721,36.1330268
PROP1,-2.554761372,0.003447366,13.20354787
CLSTN2,-3.56850173,0.003447609,3376.885812
YIPF2,-1.37224341,0.003447609,4005.327383
NBEA,-2.632882273,0.003460514,888.8887426
CDHR1,2.805157201,0.003466511,102.5982517
NA,3.440494172,0.003466909,7.754463273
RN7SL378P,3.082061529,0.003466909,14.78497452
SORCS2,-2.428763593,0.003486422,855.4247494
NA,3.266819813,0.003486422,377.8118236
NA,5.031310848,0.00349501,4.450107838
P4HTM,-1.910213122,0.003503132,5208.551193
MAGOH2P,2.324301471,0.003507032,33.53183072
RNU6-379P,2.819301857,0.00351393,15.36725022
,3.168037628,0.003552296,9.854955875
,2.893688593,0.003558579,27.11577274
GPM6B,1.715320601,0.003563172,639.4196129
SLPI,4.322681217,0.003563172,3063.382438
HAPLN3,2.9991995,0.003571268,3612.557956
,5.248651864,0.003573298,3.376986238
,2.026770358,0.003586917,501.475189
PTGFRN,-1.69408693,0.003592279,4199.174407
LINC02003,5.401013902,0.003592279,8.612353353
RNA5SP227,2.639591095,0.003592407,14.44886065
COMMD6P1,2.107427587,0.003592783,10.65058154
RARRES2P1,2.824972779,0.003595083,35.21080177
MS4A7,-3.104660898,0.003605118,4869.605627
MIR200A,-2.710585119,0.003610511,67.99713633
HSPBAP1,1.362711787,0.003610511,663.9686699
RAD17P1,-4.697175892,0.003610511,270.8566005
EME2,-1.550764475,0.003610543,9261.656642
GUCY2C,2.253159215,0.003615607,88.41903188
RNU6-929P,5.426576475,0.003622912,5.78937276
,2.901349192,0.003626376,9.009215221
PPARGC1B,2.004443495,0.003645838,562.3678242
ACER2,-2.604788258,0.003645838,186.4010309
TMEM89,3.555618649,0.003647061,21.27076963
SEZ6L,-3.875930847,0.003649953,63.76579163
TP53I11,-2.038833354,0.00365383,19199.71978
MCIDAS,-4.802978971,0.003658544,185.4597806
ST8SIA1,2.717451266,0.003671037,540.3266572
,1.731633427,0.003671037,27.72570615
SMIM33,-4.374513067,0.00367672,35.52258742
,6.04080765,0.003681045,34.64764007
ZBED3-AS1,1.61446983,0.003684691,199.5222436
DUSP4,-3.339246046,0.003686801,11756.4142
,2.425498366,0.003706281,113.1845195
DNAJC22,-2.631306136,0.003707792,651.5851723
CCNE1,2.521423794,0.003710316,411.9580516
,4.007294599,0.003710765,61.97014562
DLG5,-2.168914987,0.003720189,9322.745222
BRD3OS,-1.779537922,0.003733846,980.2486706
RPS16P5,-3.786916646,0.003756633,36.84678927
COMMD10,-1.527689556,0.003761812,606.4319876
,1.803310435,0.003761812,56.8453841
FAM133CP,3.019263002,0.003765053,243.181574
RNU7-45P,2.712325033,0.003769057,21.24076806
C14orf132,-2.807339472,0.003775212,1874.792675
SYT2-AS1,2.5615865,0.003796071,23.07209115
,3.255923368,0.003796071,100.5595166
NRG4,2.010784772,0.003796071,53.10679933
,2.390716805,0.003804357,15.05217282
THRA,-1.865471828,0.00380495,3869.874108
ZNF516-DT,-3.166189099,0.003805883,14.38833316
AFF3,-3.948108379,0.003826858,9562.954833
PPP1R37,-1.674636009,0.003826858,11610.22933
GLTPD2,-1.293364762,0.003832031,66.07863039
RN7SL812P,1.972833285,0.003846295,50.01024442
ZNF768,-1.395188159,0.003864339,6228.253297
RNF26,-1.609026947,0.00387584,1253.638338
RPL10P2,3.33641354,0.003884054,17.09517241
RNU4-38P,-2.956030628,0.003886155,9.030281513
RNU7-77P,2.503836429,0.003886155,13.07880194
ATP8B1-AS1,1.423255754,0.003886155,228.334044
,-2.521640762,0.003905021,10.48332266
DISC1FP1,4.675622315,0.003905021,17.16142515
IVD,-1.973002966,0.003907463,5966.873042
MISP,-4.345045632,0.003921685,5405.798879
LINC00957,-2.570066577,0.003922428,361.9231326
FOXA2,5.93839249,0.003923905,12.29536933
NSMF,-1.629802309,0.003935393,9943.075468
,1.555545294,0.003935393,76.7276501
PDX1,6.6698306,0.003935393,9.0358082
RNF103,-1.208925716,0.003951544,1646.902914
ACTL8,4.339169021,0.003957101,36.62220144
,-5.187661712,0.003963058,3.378130156
,-3.903441607,0.003965535,44.88316299
OSGIN1,-3.066353996,0.003965535,1353.373751
NEDD4,-1.494797626,0.003976375,694.3595202
,1.770833834,0.003980267,101.2120758
GOLM1,-1.772300341,0.003983031,6268.535289
MXD4,-1.416484936,0.003999508,11411.763
,-2.770471039,0.003999508,11.86672933
UBL3,-2.033995776,0.003999508,2057.483233
ADGRF1,4.306928285,0.004012677,151.4378082
FAM168A-AS1,2.589869361,0.004012677,12.27336632
TMBIM4,-1.179634447,0.004012677,780.0957986
E2F3,1.680328613,0.004024459,1696.705215
SCIN,-3.52027701,0.004025933,544.9100989
LINC01030,4.613153528,0.004025933,7.327102383
RBM38-AS1,1.70793904,0.004032193,92.10600818
STK32B,-2.679317096,0.004035997,634.8329384
RTN2,-1.648765142,0.004035997,631.4064755
,-2.0272659,0.004038348,34.62954076
CADM4,-1.785372961,0.004038348,3448.517809
GOLGA5,-1.588835768,0.004040349,2097.556261
TUBA8,1.736916017,0.004044993,128.2535643
RPS27AP18,5.194277196,0.004050772,3.218030581
B4GAT1,-2.102158706,0.004054038,1241.375959
,-4.100234118,0.004059831,6.884863718
RPS3AP43,4.424522495,0.004061882,21.46198784
UNC80,3.01111224,0.004067952,33.4078772
OR7E116P,5.23632103,0.004088602,5.099930064
EEF1E1P1,2.758625731,0.004089258,9.295803619
PRKX,2.512738217,0.004109595,3442.31638
PSLNR,6.377983276,0.004112592,11.07965681
DNAH8,3.50993532,0.004116171,23.71553587
BCL2A1,2.661013315,0.004126892,66.64639485
NPIPA3,1.099056703,0.004126892,140.241284
CCDC87,-2.832977041,0.00413355,156.4251705
MIPEPP1,2.052289586,0.004133934,52.62391349
CYB5R1,-1.994055984,0.004136477,4198.933012
,2.408346836,0.004136477,14.27346939
,3.194786602,0.004136477,11.32884303
,3.134626347,0.004143942,207.3592356
FBXO17,3.567944076,0.004143942,2474.002203
PIWIL4,1.802599026,0.004144915,152.6351762
KIAA0319L,-1.844224078,0.004145589,11744.44104
CCDC166,4.199593025,0.004145763,60.08299227
ADAT2,2.083325232,0.004151271,540.4475908
,5.78376838,0.004151303,11.133812
FUT8,-2.078188524,0.004151303,1657.18696
SLC5A4-AS1,3.551178125,0.004151303,36.19019938
SLFNL1-AS1,1.769212252,0.00415198,398.7020848
GLYATL1-AS1,3.435272454,0.00415198,526.7162361
EMC10,-1.493593269,0.00415198,9995.101643
VGF,3.067970418,0.004154899,94.82279666
MTCO1P46,-4.133714295,0.004161051,14.79184418
CILP,-3.33340582,0.00416355,7210.334559
RN7SKP80,2.175848832,0.00416355,85.11113549
,-3.983869947,0.004179083,180.7820269
MRAP,2.468346593,0.004179083,26.30507577
RNU6-37P,2.235443525,0.00417948,37.25012512
KRT18P26,1.792894398,0.00417948,43.58659151
,5.353585375,0.00417948,3.631571903
,6.233217655,0.004201867,22.34360353
,1.673935683,0.004204255,52.66522455
NA,6.128807523,0.004218413,9.45879556
DDX43,3.265811208,0.004218413,72.00159714
LINC01843,-4.275318763,0.004220873,33.28467893
RGS22,-2.376430445,0.004223564,203.6203628
,3.006935545,0.004236477,18.80418286
TCAM1P,4.476158535,0.004242832,120.7966565
C2CD4C,-2.056937719,0.004254036,197.4132278
SRSF10P1,2.2120517,0.004256469,59.8212428
RN7SL789P,2.98489102,0.004256469,26.55821922
POM121L9P,2.130850109,0.004256469,156.5914403
,6.06804325,0.004258821,5.980307861
PELATON,2.457867082,0.004262695,65.77649353
EMC7,-1.609228852,0.004283827,1497.002961
APMAP,-1.638174778,0.004290466,5189.077988
ROGDI,-1.364400675,0.00430302,2391.603116
SCARNA3,2.375714815,0.00430396,17.08625519
BAIAP3,-3.024156155,0.00430396,3161.348108
,2.637823238,0.004307484,59.4685494
NA,6.042050308,0.0043123,8.914066268
RPL5P18,2.726097331,0.004319389,51.90067188
DEUP1,3.310388952,0.004319757,95.50396203
GGT7,-1.655765116,0.004337273,1761.372242
,2.686333315,0.004351205,20.14674193
GGTA2P,2.096444383,0.004357763,28.83222687
,5.280631802,0.004377487,5.283424917
CBX1P1,3.176473673,0.004394556,5.787405007
,2.128754243,0.004394556,74.00837481
TPRXL,3.309740242,0.004400744,79.72470896
HMGN3,1.121919702,0.004400744,1283.70313
NA,5.099058661,0.004401818,3.018758238
ARFIP2,-1.41359217,0.004422967,6917.916297
ANK2-AS1,2.787343646,0.004426899,39.37816555
SLC26A1,-1.769886778,0.004430129,1593.361199
STN1,-1.630423961,0.004441781,904.2104324
RN7SL715P,5.217128785,0.004442245,5.075426422
OR7E155P,5.887530461,0.004442245,5.281590518
MIMT1,4.153075792,0.004442245,25.37438609
CCDC187,-4.955014046,0.004445703,303.5138137
MYLK2,2.39500522,0.004445703,69.41827558
ZNF195,1.150967742,0.004449636,1710.181265
MARVELD1,-1.951379261,0.004452222,3035.887004
BNIP3P47,2.479001153,0.004465098,13.6592867
FSTL4,-3.313402309,0.004469244,299.3756818
MTMR9-AS1,1.448395932,0.004475982,115.9734901
NA,1.992487763,0.004482889,91.0901282
,2.52554193,0.004494046,167.6695412
,4.612977922,0.004507101,9.503721581
GOLGA6L10,2.671258651,0.004513031,219.1196866
,4.755759436,0.004516115,17.59646981
RELL1,-2.539961542,0.004516115,1863.328664
MT-TR,1.976348062,0.004516115,166.0819828
PRLR,-1.944406858,0.004525219,6188.849925
PATE2,2.711608372,0.004526268,21.28099032
DUSP1,-2.215809959,0.004552082,7307.59959
,1.73782949,0.004552082,94.52273922
IRF2BPL,-1.881396257,0.004552082,5993.011381
,2.329783863,0.004552897,60.69484979
CDKN1A,-2.035185375,0.004560989,5302.247201
MT-TG,1.941123148,0.004560989,88.78227049
RN7SKP112,4.150442957,0.004564155,9.182403382
ALG1,-1.354533733,0.004581327,983.028083
SPATA20,-1.775089378,0.004581327,9714.801637
VN1R21P,5.782825843,0.004585264,11.07602586
TFE3,-1.100059417,0.004597495,5683.432712
LINC02973,2.720042838,0.004604701,12.0800135
,2.924134072,0.004613602,35.50934993
RNU1-67P,2.44341788,0.004627091,43.57506538
GPRIN2,2.58495277,0.004638231,958.181817
NANOGP5,1.414587988,0.004657746,173.7519035
OS9,-1.764076479,0.004663718,9826.820272
,5.559090295,0.004667643,4.178376273
,-1.672473206,0.004672075,23.85659293
AHNAK,-1.279612496,0.004685076,29384.29448
,2.570070566,0.004685759,18.01868388
LYAR,1.095943713,0.004685759,723.6524921
TUBB2A,-2.268377411,0.004685759,1105.017437
,2.116323163,0.004685759,91.53722942
SSTR2,-3.22952956,0.004692492,1242.244232
PKN2-AS1,1.674369351,0.00470394,25.74178103
RNASE2,2.420433464,0.00470394,20.34128737
MPP2,-2.978977415,0.00470394,792.3392498
NSRP1P1,2.476657562,0.004722738,776.7862158
CSP2,-2.937736478,0.004722738,21.25532389
SAGE1,5.962584685,0.004722738,5.539190176
AQP9,2.405735989,0.004727342,18.75921522
POU2F2,2.825669862,0.004732644,2598.95485
MIR5585,2.587060229,0.004736573,7.591551205
FEM1AP2,-3.304187591,0.004736573,26.03221527
,2.199076639,0.004741697,52.95111077
BOC,3.025955993,0.004749758,6978.861868
HMGN1P15,2.257792822,0.00476093,24.75573666
DGKQ,-1.441848984,0.0047678,5510.654279
CARMAL,2.951385971,0.0047825,39.00969388
TRIM2,2.013763909,0.004791957,2372.692557
WRN-AS1,3.411806359,0.004791957,14.70465605
,1.376334486,0.00479393,152.0556684
IGF2BP1,4.674066866,0.004798598,93.08682834
,2.662757789,0.004804359,34.78980686
LINC02048,4.998234961,0.004816108,6.584980961
,4.964564469,0.004818467,4.225847732
THEMIS2,1.860155527,0.00482085,999.990952
CDK20,-1.372066218,0.004825355,1125.939725
,1.584650057,0.004846938,37.09067024
FAM238A,3.479049879,0.004846938,10.93488683
RNU6-946P,2.824858395,0.004846938,30.66498729
,4.751370278,0.004852059,3.7299168
RORC,-2.752071755,0.00485415,2135.289946
,2.450517305,0.00485415,20.22299801
SNORD3A,3.67011783,0.00485415,146.3819222
TOLLIP,-1.874960011,0.004858723,4374.004986
LINC03052,-1.586932662,0.004865798,223.6051755
SYT16,3.432272256,0.004882307,11.21824386
TMEM161BP1,-4.157703881,0.004884946,82.91777524
LINC02043,3.999889536,0.004912004,86.92843502
,3.168090008,0.004916027,19.33635806
LRTM3,2.233921937,0.004916027,130.2581745
NHSL3,-1.700513412,0.004917425,21967.45986
FGGY-DT,2.200534295,0.004927276,23.36602447
LINC01115,-5.881368384,0.004933404,44.7763483
PINX1,1.462936077,0.004933404,331.0432641
PGAM1P2,6.444180096,0.004933404,11.67134566
,7.51799022,0.004949685,166.6006236
PGAM1P8,1.852745069,0.004949685,112.1893804
PLCG2,3.235935285,0.004953775,5177.415494
,4.422443551,0.004964605,4.382872489
RNU6-611P,1.635004136,0.004964605,52.76500584
LRRC7,1.718370082,0.004981062,45.87813469
HSPE1P13,2.093131144,0.004981062,23.03019989
AGPS,-1.783993168,0.004981062,1523.790496
FN3K,-1.653170662,0.004981062,2090.691729
HAMP,2.776091531,0.004981062,44.75918527
IMPDH1P8,2.801354477,0.004983712,200.5450727
CDH19,5.054380606,0.004983712,78.22322444
,1.887432856,0.004997372,1371.655297
ROR2,-2.128550882,0.005003242,1308.891821
RCSD1,3.048239997,0.005005738,2154.988423
ECM1,-2.376594957,0.005005738,4886.67957
CELF4,3.076681612,0.005005738,250.5985933
,1.919789541,0.005007457,57.57897073
ITM2B,-1.766022527,0.005016077,16320.56916
MORF4L1P1,1.970414969,0.005024543,63.31724635
FAM234A,-1.239057369,0.005030848,12370.47162
CDH1,-1.453727503,0.005032199,9233.960485
,1.39149692,0.005032199,70.71073216
,1.808882838,0.005035402,45.54550184
BLK,4.869180307,0.005042349,585.4529713
ERP29P1,1.827847486,0.005042349,44.74885379
,1.997877253,0.005044943,336.9563389
,1.758734891,0.005044943,31.12355742
,2.825100925,0.005061806,15.56762639
CLEC4F,4.097857966,0.00507964,427.0443362
ESF1,1.268299513,0.00507964,3381.398758
SYNC,-1.902700378,0.00510599,193.3938161
SIGLEC31P,3.597425309,0.00510599,8.773184944
IL12B-AS1,3.20961289,0.00511279,17.68047008
POP1,1.672290079,0.00511279,1042.457101
ABRA,5.344677083,0.00514977,8.306862584
KRT18P61,1.92854321,0.00514977,133.4462129
NADK2-AS1,-2.376207605,0.005154004,15.32566291
SAPCD1,1.730535966,0.005154004,204.7055663
,3.280232399,0.005154004,30.0409692
NGRN,-1.980720415,0.005154004,945.2755557
ETV3L,5.009313802,0.005161507,224.2229275
PENK-AS1,4.170443977,0.005161507,13.36853584
INSM1,-3.004830297,0.005161507,68.52775995
H2BC12,-2.145941774,0.00517104,751.6190469
NPNT-AS1,-2.152019932,0.005179585,20.1957733
NAGLU,-1.805870947,0.005179585,3199.735852
NA,5.153266494,0.005179585,7.236351412
,2.026072714,0.0052142,18.18639392
PTX3,4.456293198,0.005217086,253.6690025
MAN1C1,-2.757193014,0.005218192,1126.555227
TGFB3,-2.32166911,0.005218939,2591.078362
MTRES1,1.278927168,0.005249215,374.414032
ERICH5,2.463842971,0.005249278,25.06469064
PLPP6,-1.65604828,0.005249278,491.21213
ATP5PDP2,4.454110872,0.005249278,4.569791472
CCDC184,-3.011750631,0.005249278,88.29241146
,3.424430164,0.005279075,12.44000193
,2.000063347,0.005281282,75.37091512
TBC1D12,-1.928041929,0.005292952,1284.7202
,2.828001913,0.005294751,62.24720616
LINC01833,3.791581571,0.00531352,57.86757029
OR2G6,4.500177813,0.005314272,8.799782301
,5.195168533,0.005314272,3.318672878
CD9,-1.727474474,0.005315329,9097.119299
LINC02941,4.794793251,0.005318403,5.677771113
,3.694049276,0.005318984,9.138910274
PADI2,3.263843166,0.005319399,6123.431394
RNU6ATAC14P,-3.735501722,0.005319399,8.899737011
USP32P2,3.9526962,0.005319399,14.00112797
NAPA,-1.547326328,0.005319399,4898.469307
RANBP20P,3.826160963,0.005326203,15.12090716
FLT3,-3.41207808,0.00532731,127.6033401
SNRPEP11,3.2491391,0.005333601,25.75049751
DBP,-2.285258279,0.005336449,1755.012204
CFAP58-DT,2.420328126,0.005339132,30.94738962
PARK7P1,1.495397496,0.005347686,100.4626478
FTH1P19,4.655701096,0.005379241,12.59922759
ARHGDIA,-1.300136134,0.005379241,9761.075795
,4.41490636,0.00538573,35.76351384
,2.748925194,0.005386203,38.05038778
,6.530565382,0.005386203,8.252754867
SLC5A2,-1.816392503,0.005386203,37.83562873
IGFL2-AS1,4.821646725,0.005386203,100.782417
FSTL3,-1.437147428,0.005386203,1921.520981
LASP1,-2.324714873,0.005392038,16654.78665
DHCR24,-2.430339678,0.005398323,24384.7214
,2.851936626,0.005398323,17.86765123
,8.627481574,0.005398323,35.24666822
NA,1.732823095,0.005401934,28.22719417
PLCH1-AS2,5.378036534,0.005402506,5.673340817
OR7E115P,5.001111434,0.005402506,2.839850116
,-2.71620477,0.005402506,12.2374586
CISH,-2.390756514,0.005403961,3382.956684
TRDMT1,1.613047188,0.00540748,433.168027
TMEM254-AS1,1.402410196,0.005409463,479.5698173
RBM15-AS1,1.938326105,0.005416182,43.84033602
,5.049283783,0.005416182,6.697156532
IFT70A,-2.202265602,0.005416182,462.972992
,-3.690628497,0.005416182,40.89055439
DPP7,-1.459149574,0.005416182,18124.81099
KLHDC7B-DT,2.558729865,0.005416182,16.46645949
SNORA11,-2.648621441,0.005432818,15.12591887
RTN4RL1-AS1,-3.252037108,0.005457836,55.44341154
FUT1,-1.982559715,0.005457836,344.6285047
NA,4.823366196,0.005469308,3.920602522
THPO,-2.69519323,0.005469308,167.4380729
,-4.739370751,0.005474924,10.46097715
,1.873721221,0.0054852,59.90448744
SAP30-DT,2.015032375,0.0054852,156.1950145
REPS2,-2.861619659,0.0054852,1279.952612
,6.059514944,0.0054852,13.36988342
,2.26496893,0.0054852,11.8206413
ZMYND11,-1.233730662,0.005548591,3744.463027
RSPO2,5.928384151,0.005563765,5.435806354
DENND1A,-1.589374383,0.005579768,2326.62159
CIAPIN1P,-2.03050378,0.005580261,54.21868688
TTN,3.029913732,0.005584016,3098.38567
,4.683334085,0.005584585,78.30079518
,3.153006135,0.005584585,46.73647262
RBPJL,4.545040142,0.005584585,65.84613842
ATP4A,3.682084856,0.005584585,24.34338825
MVP,-1.523838953,0.005587772,14805.0274
MIR4450,4.471261267,0.00558926,8.969461893
TMEM78,2.673047912,0.005590986,16.07940559
H2BC4,-3.036780724,0.005604269,345.6714268
DUBR,-1.68331544,0.005622242,494.1239907
SLC16A10,3.673437398,0.005624588,327.7573572
MFAP3,-1.34040971,0.005637971,991.5348365
SLC46A1,-1.669343943,0.005639301,516.6432585
F11-AS1,7.952742395,0.005647656,33.01581565
COLCA1,3.215652335,0.005647656,304.6204015
UBL4B,3.435283679,0.005651711,24.1094822
SPAAR,3.326725724,0.005651711,277.8840648
NUMA1,-1.951487342,0.005651711,54212.74444
HTR3B,4.714255017,0.005651711,11.94512941
,2.297600482,0.005651711,15.38598651
LYN,2.301195305,0.005658996,1502.770646
OLFM1,-2.519802459,0.005667087,761.8028092
GHRHR,4.597572763,0.005676225,4.892144236
PIGQ,-1.282291252,0.005688538,10941.34164
PDC-AS1,2.323842193,0.005692567,246.8288612
,2.84175404,0.005704948,24.49788494
VIPR1-AS1,-1.539140137,0.005704948,179.2252753
NATD1,-1.51529174,0.00572124,1180.736695
VDAC1P4,2.208797254,0.005724116,16.70289719
,1.797312843,0.005729762,154.3553471
MIR181A1HG,3.536634949,0.005732036,55.13673614
Y_RNA,5.044342309,0.005732036,2.904352373
,-2.201481168,0.005740053,70.24851624
NME3,-1.116953699,0.005755626,6308.793167
LINC03044,2.95044865,0.005766205,48.52498907
MAP4K1-AS1,4.051000143,0.005773251,14.91949512
RGS6,3.861405204,0.005797875,245.2927476
CDH12,3.702352507,0.005797897,38.33849864
,-1.829887884,0.005797897,226.8139405
HRH3,4.083655989,0.005801526,26.26324491
FXYD7,3.046426303,0.00583224,65.19271327
CCSAP,1.563840256,0.005844283,944.4197363
LRRC8A,-1.216878144,0.005844283,4221.244111
FBXW10,2.402312452,0.005844283,40.76151005
NA,3.192338695,0.005845657,87.12691026
LINC01694,2.928027102,0.005851973,21.39897386
STAC2,3.887976311,0.005859078,7552.329118
ZNF628,-1.347990829,0.005859078,1459.01638
EXD3,-1.900947158,0.005860598,7160.793575
BLZF2P,2.734552718,0.005860598,20.23221201
ARHGEF40,-1.38140754,0.005862558,3598.993159
,2.586291203,0.005867384,20.40731767
NPDC1,-1.895306033,0.00586857,13121.24638
Y_RNA,2.529847918,0.005886063,20.82016743
SERPINB7,4.643266423,0.005909401,47.72041595
RAB3D,-1.980536012,0.005921523,2203.089482
COG1,-1.160147642,0.005924901,2132.041333
,3.378205825,0.005929999,7.43712103
,1.604212978,0.005929999,46.79006795
,1.969853507,0.005940991,46.28884903
MIR4480,2.626060795,0.005946322,8.82091916
HELT,4.343401649,0.005959685,7.696958656
,-1.459979886,0.005959685,150.0472915
,2.536395892,0.005960646,85.52350563
GSCAR,5.140269414,0.005983243,7.178520388
RPL31P50,3.787850159,0.00598808,6.960600603
NDUFAF4,1.572845162,0.006016433,362.3146287
TCEAL3,-2.037588633,0.006016433,1991.056036
,3.599018205,0.006016433,26.88302164
,2.978173549,0.006016433,61.22978164
,1.711064168,0.006016433,81.40634279
MAP3K21,2.51606884,0.006027562,588.3971146
SORD2P,-2.477673936,0.006044687,138.2819694
,-1.280871471,0.006047221,368.397945
SLC25A15,-1.510800815,0.006054007,603.086398
,3.389932075,0.006075681,41.33764326
IQSEC2,-2.548807827,0.006077653,3870.01692
LINC02468,4.847325952,0.006078914,5.925003972
WBP2NL,1.601836876,0.006098082,246.9965874
ZCWPW1,1.731665567,0.006098783,369.1854505
,2.294931939,0.006101079,15.19413018
MTND4P11,2.895787206,0.006106951,14.20461272
RPL21P69,3.427819535,0.006106951,10.0997425
,2.309478827,0.006106951,20.36118492
LINC01913,4.847741915,0.006127504,3.87929366
,2.158881463,0.006132211,78.02091603
ATCAY,3.993554891,0.006133631,18.52200802
NA,3.239843206,0.006141391,36.19658145
NHSL1,1.857047067,0.00614217,789.0866113
RBMS2P1,1.879885318,0.00614217,25.86243936
DUT-AS1,1.048742548,0.00614217,63.47644419
,1.923154503,0.00614217,14.93819836
,-1.597801463,0.00614509,832.2364224
FBXO36,-1.849362625,0.006148115,350.6239861
JADRR,6.392117449,0.006148115,7.432631635
MIR1183,2.578502937,0.006151444,6.855200257
CDIPT,-1.422319669,0.006153711,7521.531657
OR13C7,5.992719667,0.006158804,5.713990666
YBX1P4,2.178390697,0.006161845,68.48811604
RAB17,-2.364728033,0.006168646,3325.001126
,3.707077471,0.006178836,18.83840138
RC3H1-IT1,1.903962649,0.006194292,67.35945596
UPF3AP3,1.942274391,0.006209132,224.8924573
ZIM2,3.425956964,0.006209132,47.24549254
,-2.988004506,0.006215096,21.2085369
RRS1-DT,2.266508803,0.006220789,49.97554047
HNRNPH1P1,2.124511764,0.006250837,62.61826888
CREB3,-1.390132034,0.006272915,2170.427389
LRP10,-1.922666316,0.006290105,16977.6894
,-3.898771557,0.006290105,19.38075729
CCDC81,1.360140662,0.006291458,53.95666987
ZP1,3.234383833,0.006294139,106.7810873
NACC1,-1.561355362,0.006295808,7970.338
RTN1,-3.278679307,0.006297497,1357.148077
COL4A4,2.765144198,0.006300783,194.419041
TLX3,9.72893575,0.006300783,75.59911164
XRCC2,2.567140835,0.006300783,1564.454762
GABRE,2.662597813,0.006300783,1245.944988
SALL2,-2.959372276,0.006300783,939.1426549
GHDC,-1.820879262,0.006300783,3987.083205
,2.961019128,0.006300783,25.82365372
LINC01621,4.446588288,0.006302953,4.558298791
Y_RNA,5.000737906,0.006312477,4.396575743
G6PC3,-1.748503244,0.006312477,4294.155272
DHRS7,-1.761495282,0.006333659,1759.907834
DPH5-DT,1.66885718,0.006348438,351.1910498
TMCC2-AS1,4.915873203,0.006360704,6.148833204
SLC35F4-AS1,2.818561193,0.006360704,16.71498925
,2.787333134,0.00636425,57.46014714
LINC01088,1.801258061,0.006374182,48.54540262
MCOLN2,2.58427152,0.006378936,299.472022
,1.665550255,0.006378936,296.5229331
UNC5A,-3.405226426,0.006405496,469.4792647
OGFOD2,-1.660543072,0.006410822,74.02356982
C12orf71BP,1.743585396,0.00641158,81.07800367
GLDC,3.176033343,0.006411783,230.6346792
RCBTB1,-1.335252605,0.006427309,1127.087034
RNU6-1321P,2.099093998,0.006429389,19.6891078
,2.551102274,0.006430855,55.02436339
TMEM268,-1.594579939,0.006437898,2578.194097
,2.260542088,0.006437898,38.37671613
OSBPL3,2.119279205,0.006453298,1552.769011
DHRSX-IT1,1.837414567,0.006461827,39.43453701
FANCD2OS,2.798416558,0.006466932,11.72701325
ZNF695,3.785030694,0.006469833,106.5437793
IQCH,-1.734623253,0.006469833,190.7474574
PER1,-1.834554485,0.006469833,6457.378313
CCDC9,-1.091633999,0.006469833,4326.085677
,3.523873716,0.006470762,8.876509805
GNRH1,2.153163506,0.006472903,225.832224
,2.019389454,0.006481429,34.49912197
NUCB1,-1.39010838,0.006481429,19356.9345
ATP6V0E1P3,4.838987706,0.006492014,3.936517986
LINC02515,3.483242549,0.006492014,22.54462388
PART1,3.570832566,0.006492014,468.3359784
PCDH8,3.897564914,0.006492014,74.47343699
FGD5-AS1,-1.367493263,0.006498408,4937.206202
,3.634107047,0.006507706,16.78744452
DNAJC2,1.106440043,0.006514169,2535.809486
ZBTB32,2.742821452,0.006528541,308.4448522
SCN1B,-2.089679376,0.006532383,782.2268255
OVCH1-AS1,-1.609013123,0.006565961,87.53036133
RPL7AP47,3.10621902,0.006572576,24.34547186
SLC6A7,2.616873111,0.006575772,28.91265317
LINC02269,5.270157318,0.006583776,11.16823195
,2.383724414,0.006600101,37.30324614
,2.35206102,0.006605495,48.83352442
RNU2-28P,3.222240722,0.006609993,33.56434847
LINC01549,5.04928242,0.006637239,2.921650918
MAP3K20-AS1,2.336636072,0.006638449,80.09909382
KRT8P35,-2.917794008,0.006638449,9.133914964
,1.729975131,0.006638449,24.35509578
RN7SL351P,2.657373614,0.006638449,15.73231815
KRT89P,-3.268841759,0.006638449,26.93645233
,5.221979107,0.006642057,28.6440144
FTMT,6.273066798,0.006654797,6.906637952
RPL32P6,2.356050255,0.006675011,35.71532167
MCF2L2P1,3.237084736,0.006675011,19.81701555
,4.201729262,0.006675011,11.20671893
,2.985468802,0.006675011,80.33696349
,3.51059345,0.006691837,33.19522923
,3.492863538,0.006691837,5.68127282
,3.108612689,0.006691837,127.8491426
TECPR2,-1.310906711,0.006693728,2089.290042
MEGF9,-2.037925617,0.006695552,2683.02083
PCNPP1,1.342017023,0.006695552,38.87310005
PPM1F-AS1,1.357864372,0.006700548,731.9165492
,3.010582243,0.00670718,42.50248286
,-4.241305702,0.006730606,7.905461096
,6.414941082,0.006737184,11.41682933
SLC22A23,-1.78308226,0.006769683,2019.179638
MFAP1P1,2.169828887,0.006769683,116.4622497
RASGRP3,2.05928193,0.006781931,766.2248122
GJB7,2.956381048,0.006781931,15.01687432
,2.412124357,0.006781931,25.4662943
INF2,-1.037218001,0.006781931,13384.38288
ZFYVE28,-2.036717055,0.006783204,2115.234277
CHAT,4.979345766,0.006783204,6.348893259
,2.874892693,0.006783204,40.26136609
MGAT2,-1.794685001,0.006783204,32.57658513
FCN3,1.735440261,0.006786872,93.17389067
SSTR1,-3.6124853,0.006788776,34.67224745
DPRXP4,1.67258216,0.00684642,134.3598712
TSKS,2.723488547,0.00684642,23.89353045
EIF1P6,2.284446769,0.00684642,26.91804566
B3GALNT1P1,1.694300744,0.006850623,56.31817968
MIR4539,6.130827491,0.006855722,6.270772886
SLC2A8,-1.365119773,0.00691458,1268.510299
RASD2,2.365209831,0.006934259,1731.739851
DMRT1,4.56523755,0.006935364,8.884226272
IGLV1-41,3.402326838,0.006935364,23.88405461
CRNKL1,-1.044359774,0.006936666,1984.627939
SYNGR2,-1.754581126,0.00693751,11617.16043
H1-2,-2.34958775,0.006941569,1468.120237
RPS14P4,2.347735207,0.006944874,74.94923502
PDZD8,-1.837273485,0.006944874,1087.596037
CEBPB-AS1,1.527218609,0.006959927,85.57768727
,1.656912622,0.006960358,141.257548
ITGA3,-2.349426682,0.006970674,10541.47979
,3.936139618,0.006973772,4.506857225
MIR6772,2.785859905,0.006980283,32.75943209
OR7E62P,4.861020792,0.007004767,11.51677068
,1.750004759,0.007004767,52.65440348
,1.430857483,0.007006632,60.59333576
,-2.074475721,0.007006632,61.89311392
CYB561,-1.416968592,0.007015429,8829.287515
,3.218423742,0.007018653,27.89296002
RN7SL178P,4.412511504,0.007025684,6.162657753
KRT2,4.801409952,0.007025684,2.533775943
,2.15380543,0.007028793,24.29872988
ATAD5,1.461736534,0.007028793,1842.633976
ARHGAP35,-1.601982637,0.007029439,8984.281194
MAPK9,-1.557264169,0.007035709,2421.46117
RPL4P6,1.925564167,0.007051077,26.3527703
TMC4,-1.622254438,0.007061616,10356.28278
ADAMDEC1,2.940938166,0.007069542,123.2030648
PGM5,-2.398657571,0.007069542,277.8083895
GNA12,-1.55916261,0.007087398,4683.621485
NELFB,-1.339981761,0.007087398,6494.727214
LINC02280,2.06140015,0.007087398,26.11857384
,1.682061801,0.007087398,50.96309127
,2.309202422,0.007087398,64.18679491
MIR4534,3.496295014,0.007087398,11.1401678
NA,2.663508011,0.007092325,12.0310583
Y_RNA,-3.123555849,0.007092325,6.785852939
,-1.267128204,0.007093337,319.1215496
,1.860105322,0.007104164,170.5070147
CLEC7A,2.267976561,0.007113596,361.9146889
,1.878298392,0.007138878,59.92597619
FZD5,-1.510484938,0.007147604,230.4508845
GPRC5C,-2.370632198,0.007147604,3557.237551
ERBB3,-1.3598562,0.007161006,16903.23247
RPL21P94,3.700854006,0.007182044,14.96484026
CDC7,1.71248069,0.007182578,456.592522
BECN1,-1.487531986,0.007182578,1634.549174
,1.991467757,0.007185295,32.08823767
TMBIM7P,3.963885396,0.007192789,15.40325426
MAD2L1P1,1.642521104,0.007193992,32.41543539
ANKRD9,-1.819401636,0.007193992,3357.371479
CASC11,2.10762234,0.007197361,14.61871221
LINC03016,2.618695893,0.007202299,23.47114678
MGLL,-2.092164277,0.007217904,4689.248729
WWP1,-1.679734147,0.007217904,3795.054116
BET1L,-1.554105198,0.007217904,4201.274521
PERPP2,-2.023792478,0.007217904,38.09588685
OLIG1,4.343565646,0.007217904,23.74429868
RAD51AP2,2.567819999,0.007223558,23.52338169
RPL21P7,4.136871479,0.007223558,13.57794838
PSMF1,-1.358851469,0.007223558,5398.407299
RASSF7,-2.035326779,0.007243377,13322.69195
ARL3,-1.589298809,0.007243377,974.9297482
BCAR1,-1.43456735,0.007243377,9633.970771
,4.786182808,0.007243377,2.416985622
TRMT112P8,2.971501958,0.007243377,25.05352729
SOX6,2.662912824,0.007263523,571.4161002
TRIDDENT,-2.230808082,0.007263523,48.03886897
,4.158197405,0.007263523,8.697269813
MYLK4,2.749465431,0.007296687,230.6315781
CCDC149,-1.442071995,0.007332774,1942.442639
PLAC8,3.042050784,0.007342301,133.6445847
RNU6-806P,4.573054517,0.007372603,10.94615215
TOB2P1,-1.588657007,0.007372603,121.6333749
ATP6V0D1-DT,1.731972035,0.007408108,891.2501576
,2.236483091,0.007408108,24.53130547
GRM4,-2.775033783,0.007408322,199.8493496
,2.248882796,0.007409729,28.14131976
LINC00163,4.911549877,0.007409729,20.02569525
COX6B1P6,4.609035309,0.007410041,13.85862485
,-1.631800291,0.007410041,224.077381
JMJD7-PLA2G4B,-1.427785442,0.007437839,933.5693676
SPTBN4,-2.34330446,0.007437839,866.1034503
HNRNPA1P66,3.411615405,0.007462286,19.28286416
EPHB6,2.193160269,0.007464273,1024.680924
MS4A14,-3.213598674,0.007473284,835.1005878
RARRES1,2.853473516,0.007480365,1087.165395
SCHLAP1,8.139085489,0.007514055,37.57806249
REEP6,-3.377246048,0.00751892,3756.56486
EEF1DP7,2.049818309,0.00752431,34.88251772
PRSS3,2.82065606,0.007534965,17.1199973
ICMT,-1.251069843,0.007542754,2889.11934
ELAPOR1,-2.793913244,0.007542754,30843.40534
MAGED1,-1.557670071,0.007543436,9231.845647
,-5.32936207,0.007566683,140.9723449
CA1,2.588958207,0.007569658,48.6962036
NA,4.038088432,0.007575791,11.78375426
POFUT2,-1.039646352,0.007592018,3764.85044
TP53BP2,1.724691713,0.00759548,2904.586109
CLPTM1,-1.166162523,0.007617266,10684.22104
CRYL1,-2.043312987,0.00764547,686.6610569
KIRREL3-AS2,5.983946029,0.007651046,5.682602327
TTC8,-1.605263266,0.007658427,1151.342438
MIR4451,3.077038867,0.007660799,18.5101619
MTBP,2.040638335,0.007670479,598.8315874
EMC3,-1.093872084,0.007686677,1775.095136
AATK,-2.639545515,0.007686677,4027.444289
,4.79481405,0.007690784,7.724619249
,5.493332286,0.007697451,3.969459855
ARPC1B,1.161520614,0.007697451,394.2505823
SNX6P1,4.121074521,0.007697451,15.50730433
NEK5,-1.86011168,0.007705425,465.5390683
TMC3,-3.879498973,0.007705619,201.033189
GALNT6,-3.13841041,0.007707266,23165.83515
DOC2GP,2.348418778,0.007719129,123.6824364
TMC1,1.932235727,0.007729298,25.04200238
LINC01857,3.909183647,0.007743134,58.97602361
,3.835110603,0.007747782,7.059975818
NA,4.853199493,0.007800814,2.574758073
H2AC13,-3.764237519,0.007813024,21.58695495
CHCHD3P1,-5.773411753,0.007813024,10.86949863
,3.04111704,0.007836447,16.42949444
DUXAP9,3.253813282,0.007836447,108.2414871
RNF7P1,3.835448158,0.00783903,31.10658209
,4.507669901,0.007843809,6.524628126
,1.55130988,0.007843809,22.0265865
USP17L2,3.710528778,0.007849293,10.35252885
,4.355631047,0.007849293,6.618769244
SLC16A6,-2.575118734,0.007860526,542.745602
,5.335009473,0.007882172,21.38333963
ZNF529,1.040012004,0.007883727,1166.564678
RASGEF1B,1.78201512,0.007886167,539.4135148
SEC14L2,-2.877588544,0.007899322,4172.720585
SNRPCP19,2.673627266,0.007909131,16.07658143
BLVRA,-1.942504885,0.007909131,1949.905911
LINC02812,3.630621006,0.007915099,20.05288545
LINC02918,1.594476047,0.007917289,208.1144831
SOX30,2.136256296,0.007932049,13.54493278
LINC00184,2.399755674,0.007942193,20.81878219
LINC01703,2.3991829,0.007942193,120.4961478
SCRG1,2.388103565,0.00795398,153.5883202
TMEM9B,-1.744979609,0.00795398,1837.64501
MAB21L1,-2.325559934,0.007973436,21.33802042
PCA3,3.625719142,0.007975473,74.16316812
,4.040469574,0.007979014,7.828331641
,5.418629807,0.007993329,8.653860104
,7.943389249,0.007993329,49.02908398
,1.464949879,0.007993329,115.8856356
,6.029549796,0.007993329,5.768839563
ASIP,3.520902048,0.008004412,54.24423279
MTND5P11,2.340672568,0.008008747,1205.142917
RN7SKP30,1.728469717,0.008017281,21.45901918
SFT2D2,1.67067524,0.008019764,4755.35629
MT-ND6,1.79349942,0.008025578,150568.4129
HTR6,3.108113779,0.008028318,105.5396379
DYNLT4,-1.704458342,0.008075473,56.40900709
,4.737944929,0.008084025,5.488605849
MOAP1,-1.955211224,0.008086522,1490.986142
CSE1L-DT,2.718649554,0.00808719,6.688026692
MAST4-AS1,-2.504393014,0.008092402,22.91826669
TNFRSF25,1.117147822,0.008094769,3626.769313
SELENOP,-2.066297293,0.008094769,710.3854363
LINC01754,4.901212316,0.008095675,6.124704311
DARS1-AS1,1.728313173,0.008103787,85.87010919
,1.818764022,0.008148692,15.62319255
IGLV9-49,2.658129355,0.008148692,35.3907348
NPM1P10,4.692511372,0.008180121,2.313936127
AVPI1,-1.904863355,0.008199,691.7027745
,2.119468012,0.008204646,106.8511712
FADD,-2.088137296,0.008205442,383.5704877
YWHAZP4,2.246268566,0.008210557,52.52841605
HSPA5,-1.664774493,0.008214842,23079.32884
LINC01395,5.535067261,0.008227163,22.32529837
,-4.898322266,0.008227163,6.489104976
NEPRO-AS1,1.280098895,0.008237835,71.82268843
,2.804827042,0.008242705,43.72239046
ARHGEF10,1.573624034,0.008251245,556.8984511
MSL3,1.131350925,0.008256585,1615.639032
KITLG,-3.205037815,0.008256693,1704.279199
TMEM71,2.81208981,0.008260865,109.2295399
LINC02570,4.431487902,0.008276669,18.06093044
ABCC11,-4.116409464,0.008277609,3504.715179
SMPX,7.192344582,0.008287123,54.00775311
FANCA,2.091094604,0.008287661,1787.061019
,2.782037488,0.008299238,14.71095725
FBXW4,-1.298643998,0.008316353,5898.421135
AMFR,-1.896271644,0.008316353,5746.082506
TMED7,-1.66637178,0.008342514,2611.702114
FAAH,-1.721490761,0.008358714,5511.745558
RXFP4,3.539050722,0.008358714,11.080013
RN7SL118P,1.980846003,0.008358714,65.53331436
,3.134098826,0.008358714,23.87401643
KMO,2.576431602,0.008359137,205.7156604
FAM110C,-2.280406963,0.00835937,638.1442191
CDIN1,1.649569876,0.00835937,410.0375448
ZNF66,1.825186412,0.00835937,1398.56122
,2.628871834,0.008370736,10.57122374
SOCS6P1,3.542417288,0.008374067,10.27184074
LMAN2L,-1.550287989,0.008387858,1291.366176
DNAJC18,-1.831660402,0.008389078,506.7067327
RPS2P29,1.977466346,0.008389078,324.8439619
,-3.558637344,0.008389078,25.82631945
RPL9P7,2.140560621,0.008389078,20.9507867
PI3,3.518439245,0.008393909,80.51119157
RBL1,1.601606236,0.008393909,833.6552869
CNTNAP2,-3.957988449,0.008411991,814.8426769
KCNMB2,2.575687721,0.008412165,11.83444915
LDHB,2.950356795,0.008420315,517.0150644
,2.134073918,0.008422221,27.62861402
,-3.395601436,0.008422221,6.900278009
AICDA,3.772260198,0.008429922,24.49064557
,2.745864423,0.008429922,52.63339812
GRHL2-DT,2.360644226,0.008453362,43.28082643
FLYWCH2,-1.43135298,0.008453362,1526.035678
CHPF2,-1.176523269,0.008477576,6272.9863
,2.266918095,0.008481203,81.18062694
,1.601500551,0.008486829,275.1176042
AK4P3,2.642501945,0.008520385,44.96092799
SHC4,3.309942792,0.008520385,884.8681029
SLC4A8-AS1,-3.241289639,0.008522788,23.11100685
,3.683696945,0.008542881,5.303715312
CD276,-1.577132049,0.008542881,5742.91528
SEMA3F,-1.714500414,0.008545785,8162.154625
RIMKLBP2,2.19402511,0.00854934,114.8376545
ABL1,-1.205999008,0.008555575,6572.144235
PGPEP1L,3.347071484,0.008555575,19.0317494
BTNL12P,2.338031685,0.008661839,10.4117399
RNASEH2A,1.889751201,0.008661839,52.86450145
,3.055842234,0.008663187,23.49067115
,4.855038029,0.008679242,5.974838071
SLC43A3,1.847082889,0.008679242,1149.70521
ZNF454,2.43775575,0.008689803,134.3991747
SNTB1,2.166457578,0.008716028,935.8081464
MIR6739,1.711662819,0.008722503,25.55788241
LINC03042,-3.186604644,0.008722503,27.60724241
SLURP2-AS1,3.383401643,0.008722503,13.43580538
CENPB,-1.101321403,0.008722503,8688.641388
RN7SL698P,2.457631008,0.008731888,17.50078034
ZNF500,-1.03347245,0.008731888,2346.032062
CTDSP1,-1.725289439,0.008740474,8187.957925
RGS5-AS1,2.493441825,0.008775813,13.16957602
GREB1,-3.594250263,0.008775813,10096.02411
,2.380304688,0.008775813,25.18488988
EMC4,-1.314829701,0.008798211,1605.327565
TRIM62,-1.752106987,0.008807838,1149.468993
TMEM245,-1.287940029,0.008811058,4172.272386
Y_RNA,3.747584562,0.008811058,7.116278921
RAB4B,2.526531061,0.008811058,650.1966821
SHC1,-1.163705483,0.008811206,11136.4616
SETP8,5.250889044,0.008811206,7.696539142
,-2.520467651,0.008811206,11.08687052
,-1.89961458,0.00883923,46.74716973
VNN2,3.268491279,0.008840563,80.20457802
THSD4,-3.329853525,0.008844329,7156.722395
RN7SL344P,2.031919118,0.008851485,23.73183638
FAM238B,5.96594043,0.008851485,12.67672792
ARHGAP15-AS1,4.304342309,0.008892284,7.63891289
ADGRG6,2.935011801,0.008897294,547.6030462
NBPF10,1.274598713,0.00890675,692.018935
NA,2.10714337,0.00890675,27.38156983
NA,-4.379267039,0.00890675,86.5241566
RPL21P118,2.255926537,0.008912879,277.1021839
,-2.241468507,0.008926725,25.03864611
NA,3.021645395,0.008947437,16.04929294
CEP295,1.437646586,0.008948409,3367.563111
RELA-DT,1.171540549,0.008952206,183.7933029
CCDC106,-1.43648824,0.008988485,2587.827436
UFL1-AS1,2.024146543,0.009024791,59.63094694
GTF2IP20,1.305580728,0.009057069,1394.046335
LTV1,1.273497098,0.009059458,909.6116351
CECR7,2.741815713,0.009110242,590.6534612
ASLP1,1.298255464,0.009116339,97.51193526
MPG,-1.124667813,0.009159474,1054.992238
,1.436848287,0.009159474,179.9468879
,-3.540640227,0.009160209,7.086807018
PTP4A2,-1.670673728,0.009160268,9912.919305
RNU6-172P,2.845625789,0.009160268,8.38294288
RPL35AP32,1.232909407,0.009160268,40.12106927
RPS20P1,5.58531568,0.009160268,13.16015
VN1R48P,-4.761298406,0.009160386,15.03995024
AJUBA,-1.473109971,0.009179584,1249.89013
RPL32P9,5.029971638,0.009195174,9.835200025
,4.7943548,0.009195174,13.39270011
TRIB1,-2.363083658,0.009195174,4350.315275
KPNA4P1,2.064228974,0.009207502,14.659681
ZBTB22,-1.263410283,0.009213303,3439.856428
NXNL2,-3.202970356,0.009216778,403.4717012
,1.43414403,0.009219353,43.1195598
,3.349326828,0.009219353,14.78793569
TRIB2,1.808243917,0.00923214,2087.246487
FDXR,-1.483350979,0.00923214,1178.726242
YTHDF1P1,2.650883635,0.009243271,17.11201442
IL12B,3.905405137,0.009243271,6.015225094
,3.734978652,0.009243271,10.02710513
LINC01122,1.827260611,0.009254493,34.35651436
CADM2,-2.023288564,0.009254493,84.07842367
ACVR1B,-1.723960402,0.009254493,2791.14314
,5.508498012,0.009272304,6.104408892
TRPM3,2.219090143,0.009272304,47.07430145
CEP152,1.906559213,0.009272304,1695.06535
SUCLA2,-1.495077901,0.009325556,858.458982
ZC3H12B,1.742173944,0.009334907,290.4776796
GRTP1,-1.499936528,0.009334907,1129.673537
,2.162133867,0.009342471,11.36066072
SUMF2,-1.028850847,0.009342471,4647.679693
RPL10P19,2.422956939,0.009342471,15.9515199
GOLGA6L5P,2.066429627,0.009342471,64.55184443
PERPP3,3.049709616,0.009344548,11.66038857
,1.852826423,0.009344548,103.8248359
,3.250698636,0.009344548,7.69492372
TRPV3,3.546222214,0.009344548,368.8848976
PROM2,-2.167973833,0.009349871,9100.26461
ZNF620,-1.609774439,0.009367091,370.9748172
MLPH,-3.717145898,0.009376852,29608.96665
NA,2.030809966,0.009376852,12.95431817
MACIR,-2.233528992,0.009387526,1222.300139
EPIC1,4.007574831,0.009387526,597.045029
LINC01398,-4.059031331,0.009416393,5.306710377
NA,3.443030298,0.009416393,4.36770064
,-4.867143593,0.009428432,164.9039184
CIP2A,1.924380245,0.009444245,1024.430374
ASNSP1,4.176031862,0.009444245,5.155770543
LY6E-DT,2.47129193,0.009444245,907.7791945
SLC43A1,-2.560981004,0.009444245,1639.557588
,3.780212462,0.009444245,18.35544106
GMNN,1.473951388,0.009463604,542.609426
RNU6-108P,4.569043005,0.009501504,4.817784554
LINC01800,3.623959947,0.009506748,8.633680336
HNRNPA1P5,1.512550429,0.009521657,28.99661355
DCTN1,-1.6980704,0.009536532,8766.564771
LINC02006,3.146376539,0.00954143,6.511433406
TUBA3E,-2.464635494,0.009542652,97.32071243
RPSAP18,1.7702159,0.00954438,63.05689794
,3.104256504,0.00954438,21.97431018
TOMM22-DT,1.269865704,0.00954438,307.4167076
,5.549711044,0.009564407,4.189545555
,3.453453229,0.00956551,5.628487774
NOP2,1.862863008,0.009577019,198.9441585
CRIP1,-1.843929533,0.009595065,433.0778279
GAD1,2.985153073,0.009596288,110.4713837
FAM81B,-3.344747413,0.009599124,46.25467771
SLC25A21-AS1,-1.448915892,0.009599124,73.08484983
TEF,-1.585283979,0.009623233,1270.40797
,2.428775819,0.0096289,103.2881602
OR2S2,4.604126624,0.009632047,15.40159814
SRARP,-4.656556875,0.009637409,870.2597855
MAPT-IT1,-4.233813814,0.009637409,117.8792115
BEND3,2.062824924,0.009651309,532.5263327
CCNK,-1.505650674,0.009651309,322.1824359
HDAC9-AS1,5.178199587,0.009664745,18.17700831
SMPD1,-1.516971092,0.009665972,2176.142203
,-3.702859387,0.009669647,48.42022652
,1.413589215,0.009669647,32.67314842
,3.536359459,0.009669647,68.614115
MICALL2,-1.351066343,0.009680944,8182.004078
,-3.885213707,0.009700856,7.164403378
NA,-4.316245518,0.009700856,21.76876448
PGD,-1.407855049,0.009701532,4501.592639
SNX25P1,1.273369286,0.009749856,85.87701189
TTC29,-3.880776227,0.009756834,15.88348982
,-1.243924382,0.00975966,51.21770726
RN7SKP275,-4.122102453,0.00975966,3.852850538
,3.959744155,0.00975966,16.74126973
MESP1,2.668247037,0.00975966,166.4025247
,-1.716782998,0.00975966,291.7369126
ANGPTL1,-1.614000898,0.009766019,83.69072128
CNBD2,2.589692189,0.009773101,39.81013837
SCRN2,-1.069076684,0.009792962,4499.873911
GPR68,-1.485636797,0.009799545,874.8589912
FIS1,-1.308244177,0.00981059,1579.523157
ELOBP4,1.762549937,0.009819169,48.09146611
,4.733641354,0.009835586,5.567035831
CLIP1-AS1,1.801693356,0.009835731,32.66971908
,3.057180087,0.009871761,20.71762061
,4.751048191,0.009876234,2.396420238
TTLL11,-1.082116648,0.009886761,439.5899525
JAKMIP3,-2.348727862,0.009886761,473.6623619
CTCFL,2.951546976,0.0098931,9.183156899
NPAS2-AS1,2.748335541,0.009894867,36.8278517
RPL17P15,2.738464036,0.009925924,6.618542903
POMGNT2,-1.232079855,0.009937595,1350.124039
,1.597419686,0.009937935,23.8104231
RPS23P6,2.036524778,0.009937935,40.94587775
RPL12P13,2.097794334,0.009945775,29.27260932
CEP170,1.494806574,0.009952425,1654.00762
MAPK8IP2,-3.177494687,0.009952425,2739.624053
COL3A1,-3.118458826,0.009957341,108815.8984
BHLHA15,-3.131845604,0.009964112,615.1592261
COPG2,-1.770729569,0.009967659,1572.241185
COLGALT2,2.65115714,0.009980715,128.302766
MEF2C-AS1,2.992778864,0.009983158,65.4736529
,1.802077204,0.009983158,29.71275463
NPTN,-1.450674274,0.010002053,2755.967938
,5.478435951,0.010002227,16.06736777
NECAB3,-2.044560142,0.010010076,6339.758214
ACTMAP,-1.143047691,0.010025444,1314.240802
,2.136102941,0.010028855,15.06997763
RPL36AP50,5.806266321,0.010028855,5.038395551
,1.906049996,0.010033041,67.8786017
RPL3P6,-2.672096592,0.01004275,70.9389737
,5.253117181,0.01004275,3.335857389
,2.658961929,0.01004275,110.0797731
ZNF264,-1.075518216,0.01004275,2338.513839
,4.538775498,0.01004275,14.26624668
,2.176317344,0.010053627,13.11261295
MIR142HG,3.320541812,0.01006358,427.6534956
,3.68750993,0.010069839,10.54589786
CCDC14,1.931911855,0.010071487,7096.865766
GMPR2,-1.187185745,0.010071487,2597.278979
LINC01837,5.574255238,0.010071487,6.355652316
DNM2,-1.066485445,0.010078065,17008.94676
FBXO22,1.402020871,0.010084226,3501.473899
MHENCR,1.415235312,0.010086048,636.3290214
STUB1,-1.152993548,0.010089116,2181.931833
,2.016620234,0.010089116,327.6129336
TSBP1,3.847059333,0.010096568,10.96779239
NARS2-AS1,2.286001587,0.010096568,31.0031151
UNC5C,-3.132891244,0.010101053,1639.534702
,2.839387132,0.010101053,11.71614484
KCNA2,2.490141843,0.010129653,32.38804228
ARL15,-1.346319128,0.010197102,569.0611756
Y_RNA,4.588958346,0.010224393,7.592495867
,3.488736746,0.010251007,39.53160781
,3.672704295,0.010286907,9.074980911
B3GNT5,1.781822424,0.010292952,183.8985984
RBM18,-1.425661281,0.01029997,1248.193271
GOLGA6L3P,4.79471458,0.010329495,11.13351489
MIR320B2,1.864212802,0.010331809,23.65731846
LRBA,-1.877912355,0.010331809,5023.061722
PTP4A1,-1.959595936,0.010331809,24.23266116
CNTNAP3,2.211215071,0.010331809,278.7397462
,2.336402616,0.010346035,10.7592184
LRRC59,-1.370257633,0.010346035,4410.098755
TNNI1,2.178614029,0.010366754,86.76549967
RGPD2,2.554212188,0.010368375,54.38011022
MKNK2,-1.874991781,0.010368375,12565.36698
,4.795710062,0.010370103,7.950033199
ANKRD6-AS1,3.363945099,0.010388044,16.99791721
CYP51A1P3,3.123623819,0.010388044,143.1862706
,1.837218762,0.010396596,29.32032822
TMEM87B,-1.218897943,0.0104044,1877.734811
,2.857217137,0.0104044,7.497989763
,-2.90685595,0.0104044,8.369299899
ACE2,2.43225727,0.010407847,19.12295607
RTN4RL2,-1.769771837,0.010407847,580.4319263
,1.247615802,0.010407847,130.9574883
TEKT1,-3.700914523,0.010407847,27.49807786
HPS6,-1.481490479,0.010422637,1266.928441
FAM133DP,3.349640922,0.010428539,41.79880787
,2.281907112,0.010431646,19.41027651
RNU6-603P,4.143776625,0.010431646,5.489181428
,-1.766398194,0.010431646,395.1320944
,3.488895513,0.01043574,10.27208645
RPL22P19,2.882271435,0.010449663,9.385590572
RNU4-42P,5.757705556,0.010454684,4.805988885
MAML3,-1.998837444,0.010454684,745.5254327
TP53INP2,-1.95702339,0.010526157,2182.861742
TSC2,-1.097746328,0.010542365,25774.16933
GLYR1,-1.108784183,0.010559281,8102.092888
,2.751437986,0.010564413,13.67701655
KLHL26,-1.473935709,0.010587516,1254.072004
WBP1,-1.019894503,0.010632597,1982.478047
,-3.895402168,0.010632597,140.8191461
CFAP210,-1.776800979,0.010647915,73.55128367
ASB14,1.480097066,0.010647915,126.2945852
NCK1-DT,1.360579702,0.010704334,340.8080811
CHN2,-2.588769933,0.010704334,59.30809405
AMDHD2,-1.129106866,0.010720347,1905.404908
MXRA5Y,-3.366582504,0.010737699,225.7953184
RAB5C,-1.601064038,0.010756374,1934.915785
,-4.196915614,0.01076505,9.465518605
CHI3L1,2.973206757,0.010766358,7288.190625
ZNF571-AS1,2.623717207,0.010808597,524.8147904
MRFAP1,-1.668485634,0.010833081,6573.365178
,3.627445596,0.010842854,4.908691094
SNHG7,-1.228935111,0.010842854,1844.421848
,1.897635333,0.010846848,60.61232744
LINC02208,2.925725247,0.010849644,12.60286266
,4.397550931,0.010849644,11.57052784
,1.675459689,0.010849644,768.7701701
ACTG1P1,1.59463556,0.010867666,84.29072776
,1.468795005,0.010867666,290.1776075
DOLK,-1.788376555,0.010870024,1279.45692
PDK2,-1.638871113,0.010871023,1170.81484
ATOSA,-1.750825628,0.010889889,4246.223061
GS1-24F4.2,2.682415192,0.010898254,10.78297304
,2.568929199,0.010920695,28.28760443
THBS1,-2.223996685,0.010925273,28708.6707
,2.528891656,0.010926532,20.35345087
,1.450664742,0.01093774,118.9250618
LCAL1,4.759336162,0.010943435,169.88343
Y_RNA,3.335908892,0.010962385,6.429567883
,3.657376466,0.010965041,5.171652191
LINC02995,-3.351567785,0.010971447,147.7691325
GNA14,-1.941415814,0.010983645,171.1125682
PDGFD,-1.521072791,0.010983645,480.0456945
P2RX7,2.868655453,0.010994676,822.2439287
,-2.573459585,0.010994676,13.05532883
C3orf18,-1.449587829,0.011002935,574.8710916
,-3.257322383,0.011002935,11.00432741
SARDH,-2.537410624,0.011002935,675.2809038
RNU6-238P,2.099234581,0.011003387,21.67189984
LIN9,1.850158398,0.011021751,442.2795656
ZMYND10,-2.247718272,0.011021751,777.2481851
SSC4D,-3.376260156,0.011021751,1038.277708
HOXB-AS3,3.758695585,0.011021751,66.83149727
NA,5.575621968,0.011030158,4.196922534
NRG2,2.376194913,0.011030358,248.1177324
PRSS27,2.1314312,0.011030358,1712.136127
EPOR,-2.112414603,0.011031761,1380.109731
RMND5B,-1.280731125,0.011046628,4300.447909
PWWP2B,-1.498539993,0.011066629,3239.415559
SOX12,-1.674107287,0.011087798,4887.776249
,1.703268997,0.011087798,645.2876567
RPL37P15,5.138791351,0.011103703,3.130055997
ZBTB20-AS1,2.146174985,0.011107656,382.7869067
NCAM2,-3.124956479,0.011107656,382.7105041
DTNB-AS1,1.96253117,0.011154801,50.28762793
NA,4.17696206,0.011157333,28.60172972
TRUB1,-1.497071931,0.011189222,742.7722019
TAF4B,1.644006973,0.011194192,501.5895989
SLC35A2,-1.454955154,0.011197701,1624.519511
,3.527533026,0.011201392,12.64256451
,1.398410129,0.0112037,305.3630914
SMOC1,3.750819058,0.0112037,980.9229678
PGR,1.91490672,0.0112037,120.0033049
NAA60,-1.363886791,0.0112037,7837.843647
TNNC2,2.154403222,0.011236713,20.93876157
DUXAP10,2.397716574,0.011254422,502.2380687
GHRL,2.004845631,0.011266762,133.5569626
MTND6P4,2.349550885,0.011269573,214.8489675
TMEM74,2.788780613,0.011282864,16.45181003
,1.945300659,0.011292947,35.7575825
,5.062736002,0.011304439,4.5603707
IBA57-DT,2.183350766,0.011312032,49.64349395
HAPSTR1,-1.36568448,0.011340384,2115.140004
EAF1,-1.375609632,0.011367893,784.97662
,1.799614354,0.011377758,37.30067807
NPR3,2.87909494,0.011383824,455.1656121
CICP24,5.48896936,0.011385731,4.008175865
PLCH1,3.326432738,0.011403216,757.552801
TPPP,-2.698718592,0.011438751,1256.918346
ANXA2R,2.162523066,0.011438751,224.6931829
,4.539290027,0.011444647,3.184493906
RYR3-DT,5.062709361,0.011505148,12.7468228
BUB3,-1.338718668,0.011517525,3626.057522
PPP1R1A,2.94748376,0.011517525,571.0563071
,4.672339364,0.01152349,2.283737692
TRIM32,-1.691348892,0.01152349,904.9221569
RPL34P6,1.738755129,0.011547785,15.63096957
RNF5,-1.544398606,0.011547785,1715.781749
KRT18P28,-3.295932766,0.011563153,4.423645699
,5.510481989,0.011563153,4.076035811
SMIM14,-2.324352834,0.011563153,9505.850495
GSC-DT,-3.293297562,0.011563153,39.98909503
STX1B,-1.703483378,0.011563153,503.5387656
,4.021285901,0.011563153,4.998496759
CLSTN1,-1.708747253,0.011571222,15682.40706
SNORD14A,2.076814608,0.01158059,32.92054717
SELENON,-1.4544034,0.011606616,8888.489952
MEPCE,-1.641145115,0.011637037,470.4073399
U2SURP,1.010947534,0.011645257,11538.3271
,2.518968897,0.011645257,29.15442291
PGAM1,-1.521044409,0.011645257,1528.980247
MED13L,-1.266977262,0.011645257,7263.896064
,-4.192110577,0.011677502,157.7435095
RPL21P14,3.471822076,0.011701624,7.051261392
LINC01276,4.612927424,0.011712513,28.4724969
CCNO,-3.479457134,0.011728338,1083.447795
FAM78B,2.454626642,0.011747784,304.7888154
TNNT2,2.887257679,0.011747784,47.4130864
TEX35,5.192411877,0.011747784,7.519351668
SMIM18,1.938199452,0.011747784,13.36597424
NA,5.138610214,0.011747784,7.216117971
PSMC1P9,2.864517209,0.011747784,44.83276965
BEGAIN-AS1,-2.171845906,0.011749236,19.67492532
,-2.827728177,0.011758393,1229.154691
,3.700690015,0.011758393,6.612322369
,2.497121982,0.011758393,56.9334582
,-1.802603841,0.011765496,16.99651334
CD79A,4.200013666,0.011775087,2702.167151
,6.184271945,0.011788813,9.738039066
ACOT1,-2.084494433,0.01179671,165.5318158
KLHDC8A,2.004332715,0.011827923,193.8277859
LCN12,-1.973997955,0.01183647,722.3861475
LINC01950,5.13288341,0.011864994,3.146746643
TRAM2,-1.029153818,0.011905117,1998.6638
GFOD1,1.514748735,0.011916235,1253.544373
PIF1,2.53856931,0.01194692,900.9666342
GRN,-1.58483107,0.01194692,23665.99592
KRT8P28,4.392367868,0.011961283,11.55717971
SETD7,-1.675985825,0.011961283,2064.217441
MIR193A,-3.506355361,0.011961283,5.957602977
IL34,2.508195031,0.011991791,1766.94937
GOLGA8A,2.005665659,0.011999055,5022.287418
PDE6A,1.95537424,0.012004021,22.75233406
ATP8B3,-1.847470676,0.01206235,204.9123727
LINC02100,4.375336181,0.012077653,8.098187542
CHCHD5,-1.484198356,0.012078651,692.0828272
LINC01116,-2.490358538,0.012078651,333.9330585
SMCO4,1.731070198,0.012110734,520.9943609
TSPAN31,-1.698667158,0.012110734,1177.053433
CACNA2D1-AS1,-2.446879051,0.0121232,15.57556874
GPR63,2.52171428,0.012145389,112.682286
AMZ1,-1.599695086,0.012175186,907.1038009
HMGB1P33,3.319943752,0.012175186,10.50889179
,1.97662326,0.012186585,16.59775902
PRKCQ-AS1,2.9397658,0.012201886,144.8783637
,-2.498505854,0.01224107,1335.699459
,1.956893178,0.01224342,130.9840637
LINC01588,2.461531905,0.012262864,713.2169373
CASC8,2.463607442,0.01226953,14.98765283
ARNILA,1.76017074,0.012278668,64.27171851
CUX1,-1.377881731,0.012278668,9120.466801
CYP2A7P2,-4.057099951,0.012280254,7.198224964
RPL3P7,1.694889936,0.012299842,37.98179184
,3.003310876,0.012302378,8.418859147
,1.413821422,0.012302378,35.16613568
,2.349539975,0.012304058,256.945506
RNU6-911P,3.253396015,0.012350366,8.762879055
EEF1DP4,1.814315428,0.012350366,35.67774583
NA,1.672408969,0.012350366,194.8667065
TICRR,2.072268097,0.012350366,817.1332498
,1.466618828,0.012351918,40.70069034
C2orf74-AS1,1.939635139,0.012351918,42.64107575
CHRD,-2.772943855,0.012351918,4668.810685
TMEM184B,-1.037146369,0.012361075,6963.974796
NCOA7,1.657497543,0.012371533,2407.710157
,2.797975968,0.012376921,74.17283825
SYCP1,4.296211278,0.012383676,34.74210592
,1.812704321,0.012392529,32.83601814
TMBIM6,-1.798147464,0.012408369,30894.94391
LARP1BP1,5.833824934,0.012441968,5.1016368
IQUB,-1.943778035,0.012448185,62.75647768
SPDYE4,3.023100849,0.012477233,9.606816766
LINC02870,2.700337157,0.012482827,52.51436961
LINC02669,2.753871732,0.012495537,89.51463933
FAM110B,-1.868510304,0.012543684,1223.574533
NLRP4,4.780643844,0.012543684,10.60649347
,2.376809929,0.01256169,20.64528604
PABPC1P8,4.582623483,0.01256169,3.312217174
,1.675358488,0.01263833,38.81820092
,1.102692409,0.012653949,196.2263039
TUBBP3,-4.826086855,0.012697098,6.185778081
Y_RNA,2.967675894,0.012711777,5.086714922
NA,2.912874205,0.012793602,13.73649788
MIR6846,3.918941279,0.012793669,6.511633361
LDLRAD3,-2.062410504,0.012793669,2653.875727
SLC22A4,-1.564695064,0.01280858,198.0207666
FTH1P20,2.925938566,0.012819392,35.39962999
MELTF-AS1,1.528466735,0.012819392,482.0013451
MT-TA,2.852205236,0.012819392,33.66023276
SNX22,2.398280314,0.012835662,1100.579358
KIAA0825,-1.399879419,0.0128539,173.1331707
SLC35B2,-1.262584488,0.0128539,3277.359869
AIM2,3.009763523,0.012854211,128.0289633
GRHL1,2.626713599,0.012854211,2782.360346
H4C8,-2.376633036,0.012854211,819.7584409
DNAAF3,-2.645408735,0.012854211,538.6038084
CYP2S1,-2.662562102,0.012854211,393.3437782
,5.066199365,0.012869124,2.997051563
SEC24C,-1.470737979,0.012896514,3080.986201
TOMM20P2,2.847304265,0.012918584,30.42441945
SRSF11,1.185779231,0.012919946,26887.3425
,2.250316171,0.012927916,109.1276217
RPL31P46,1.997110681,0.01293822,331.4150558
LNCROPM,1.933053692,0.01293822,21.86647942
GSTA4,1.371276743,0.012960124,576.1386672
,4.950093834,0.012993835,6.383114781
MT-TQ,4.040948017,0.013001399,4.791481318
,3.114611283,0.013042263,22.54018517
MEIG1,2.18672038,0.013042263,13.56470736
VPS13B-DT,1.525322766,0.013055567,75.83043207
,-2.515487751,0.013082302,51.21594071
NLRP3P1,3.334342561,0.013090816,19.25718342
EPS8L1,-1.480057349,0.013104182,8762.725389
,2.929913405,0.013123148,8.307754745
BAIAP2-DT,-1.711012687,0.013124993,2262.370996
ATP5PBP8,2.076225048,0.013142311,16.56427608
TADA3,-1.372706043,0.013142311,4361.27117
LINC02225,4.563297078,0.013142311,7.04598537
H2BC12L,-2.876095038,0.013151054,8.081903548
USP32,-1.484278192,0.013151178,2773.245424
CRB3,-1.510892765,0.013153143,555.0013855
PLEKHH3,-1.319984563,0.013224471,9225.338801
KCNIP4-IT1,4.253975995,0.013238446,11.43845688
PIAS3,-1.377310621,0.013252662,5085.041131
SPDYE22P,2.651888596,0.013266316,6.811134998
MIR320E,2.063126681,0.013266316,26.64823887
SPATA6L,-2.079474691,0.013266911,328.1400387
TMEM101,-2.420477897,0.013271115,2452.01974
GPD1L,-1.835483255,0.013288553,2424.648068
OR2H2,3.000615801,0.013298025,33.90687388
ZNF37BP,1.139952959,0.013319036,2823.908269
EHBP1-AS1,1.41780936,0.013329769,77.761268
SNORD3B-2,3.87464111,0.013329769,7.685944769
RPL27P6,3.809772567,0.013381494,7.365400238
PROKR2,3.157109658,0.013386824,7.375272231
,3.985443133,0.013408694,3.313151988
ZNF425,-1.363023366,0.013416557,286.6465919
RPS3AP14,2.65086055,0.013437452,35.85323661
STBD1,-2.023029804,0.013439853,45.43160143
HMGN1P8,2.374392427,0.01344496,26.82039374
CHST15,-2.100278765,0.01344496,2859.958238
TTC23-AS1,2.489350446,0.01344496,85.71758858
,2.33877504,0.013465599,30.89688041
MRPS30,-2.620788751,0.013467408,4008.487614
,2.625627923,0.013471469,25.08183455
SPRYD3,-1.733332542,0.013471469,3963.53015
RNU7-84P,2.542417785,0.013471477,10.11997865
GPR139,-5.236727601,0.013478083,19.58579342
RNY1P14,-3.526898005,0.013501873,6.94406981
,3.121187383,0.013507166,16.96472342
LINC01740,3.593771979,0.013514238,7.068483325
TMEM30B,-1.849629764,0.013514238,1882.962896
NA,3.294622659,0.013542765,7.21326004
GABRG1,4.791298735,0.013554196,3.753262503
LINC01907,2.607569617,0.013567174,15.27638627
,4.867581252,0.013575232,3.95816888
SCNN1D,-1.466149053,0.013575714,4275.804984
ATP5F1B,-1.342226063,0.013578952,10589.47589
LTA,3.339221258,0.013594946,74.89590266
LINC02004,3.85311537,0.013597275,5.95776905
,2.484785338,0.013598515,51.72365358
SERINC1,-1.699111506,0.013598515,6563.593317
EFCAB11,-1.68762441,0.013598515,438.9946452
,2.016059784,0.013598515,14.44435206
HFM1,2.669859612,0.013604034,20.7226716
NTAN1P2,1.37633404,0.013604034,191.2604957
ACBD4,-1.7572045,0.013604034,1887.607619
SNORD11,1.86138035,0.013606576,9.897889902
MAPK3,-1.671909599,0.013614681,6006.584859
ZNF552,-1.560524911,0.013630958,2561.662392
LINC01567,2.88966478,0.013633033,16.40726405
Y_RNA,1.840664443,0.013650198,20.1283362
LRRC69,2.050303727,0.013728098,122.8588421
SMARCE1P1,2.442880354,0.013733146,40.83151935
,-5.732915977,0.013749125,16.00054784
PDCL3P6,2.203879065,0.013760639,64.46826318
PLCD3,-1.7989238,0.013760639,3551.629071
,-1.602232086,0.013771651,47.60987216
SEMA3B,-1.691524759,0.013772751,5559.911087
,1.375883619,0.013780793,120.3725588
SNORA72,1.80795194,0.013790453,22.53679534
,1.769861329,0.013792922,167.1447082
NID1,-1.89201304,0.013792922,3476.846083
,2.950865144,0.013808539,9.027607086
,2.974614651,0.013846929,16.05980301
,3.87935607,0.013875085,3.110823935
,-3.897939625,0.013875085,11.92674937
LINC02526,4.476097091,0.013875085,4.667479955
,4.734884671,0.013890302,5.422280979
HSD11B1-AS1,3.073508695,0.013896515,8.458262207
,3.751277835,0.013909051,25.34192554
BTG2,-2.71436642,0.013928156,10691.5822
QNG1,-1.638497392,0.013939876,494.894446
CENPV,1.826359007,0.013945481,578.3219558
SPHKAP,4.788787516,0.013960615,47.25028247
TRAF3IP3,2.378253808,0.013960958,631.591676
SLC35F3-AS1,2.991306201,0.013963444,8.98597673
GCLC-AS1,-2.333286876,0.013981414,17.86080832
H3P31,2.307767904,0.013984042,22.13063399
,2.263744373,0.013984107,12.20310064
,1.781976103,0.013989109,16.44914675
NMRK2,3.38328866,0.014009544,16.22542134
ARHGEF4,2.310341534,0.01401144,1303.727471
,3.051569846,0.01401144,7.052717566
SNAP23P1,3.459166696,0.01401144,4.327698375
MED25,-1.308610839,0.01401251,11292.9108
VN1R110P,3.985428642,0.014024864,8.728093485
EXTL3-AS1,2.374974007,0.014024864,254.3712662
Y_RNA,3.328695829,0.014024864,7.935207299
DYNLL2,-1.593163989,0.01403694,5427.271876
CTDSP2,-1.541969042,0.01403725,6971.50216
N4BP3,-2.253730778,0.014057034,3425.891957
PHF14,1.132031742,0.014057034,7392.582935
RPL21P123,1.321859211,0.014057034,37.44102408
ACLY,-1.535373521,0.014057034,8248.91312
ATP1A4,-3.665994453,0.014065818,97.78490616
MAT2A,-1.26166219,0.014065818,5298.114742
MIR9-1HG,1.955925578,0.014067544,107.4848525
,1.834760554,0.014067544,226.6087896
RUNX3-AS1,2.879987882,0.014098553,27.35606427
GRAMD1B,1.834018341,0.014110813,255.359271
MYBPC3,1.806645827,0.014110813,42.57571887
EIF4A3,-1.280415051,0.014110813,2569.173974
OR7E2P,-2.141623312,0.014113999,33.85470817
MKRN2,-1.010182023,0.014115728,427.1159112
NRTN,2.933258242,0.01411728,424.2727758
TCHHL1,4.998372837,0.014117579,6.56889047
SFXN2,-1.835178213,0.014117579,1933.892933
RPS4XP1,1.955905185,0.014117579,9.997067039
EIF2B2,-1.079402907,0.014138843,800.7532999
,2.903449226,0.014139579,8.282142022
SOWAHB,-2.282905461,0.01416084,207.4747919
CHMP4BP1,2.009117487,0.01417315,69.19922579
,2.970245624,0.014221833,6.585594654
ACP2,-1.337932549,0.014282176,3564.503358
TRMT11,1.386590319,0.014285004,711.0381753
CCL20,2.615126147,0.014304954,20.55214447
,3.408494202,0.014308476,13.94472684
,5.661045577,0.014350007,4.559781387
LINC01956,4.065155416,0.014364314,97.62557257
LGALS2,2.288779332,0.014376007,93.42908316
MGAT4A,-2.15705718,0.014376778,2275.452744
MEF2D,-1.482450604,0.014388534,7236.383755
PCYOX1,-1.513259285,0.014406606,4382.595967
PCMTD1,1.664450122,0.014406606,5728.272513
B9D2,-1.045866597,0.014406606,233.9391869
SMIM45,2.671169979,0.014411857,44.03389155
KRT18P41,-4.121856039,0.014426605,2.463526362
IMPG1,-1.565553253,0.014426605,32.65415056
ABHD4,-1.683170781,0.014426605,3744.927103
RPL17P48,2.451406184,0.014426605,26.36800305
,2.023807365,0.014426605,55.32152697
RBM38,2.323710978,0.014426605,4400.068643
NA,3.667621894,0.01444763,10.16582573
SYNM,1.882780365,0.014450329,2450.934164
GHSR,4.953904843,0.014454202,4.249799222
,4.778278943,0.014463699,5.657084163
,-1.455287761,0.014463699,25.56529452
DCXR,-1.499977011,0.014463699,5821.417515
DSG1,3.804740455,0.014475813,98.00024301
RNU6-1310P,3.544764798,0.014477025,6.60511736
,1.706974094,0.014477025,26.38645507
KAT6B,-1.533344915,0.014477025,10498.37691
,-1.980368,0.01451254,412.683207
CHI3L2,2.612708228,0.014515119,942.5753492
SLC27A2,-3.311995908,0.014526803,247.6543142
LMAN1L,3.951191947,0.014526803,24.28511124
RETREG2,-1.816215239,0.014535367,8250.368066
MCF2,2.43623014,0.014535367,11.5954596
,1.751068456,0.014535367,99.63379779
ST8SIA6,-3.001834827,0.014566525,2076.636413
ST6GALNAC2,-2.434106002,0.014568064,1241.468445
CORO6,-3.170741484,0.014568064,4657.816304
,3.358988992,0.014568064,5.469892944
LINC01508,2.887366513,0.01457345,22.47446025
CPD,-2.092140678,0.014573551,3158.621698
OR55B1P,4.011572831,0.014598156,10.2934828
BACH1-IT1,1.940536704,0.014600898,44.1840129
NT5DC4,1.715125882,0.01460114,21.67075606
GSTP1,2.264950247,0.014616791,5599.323958
LINC00944,3.022957335,0.01464222,15.52662949
,5.614696336,0.014689177,4.365232967
CHST14,-1.545456918,0.014689177,1695.198828
KLK5,3.30786645,0.014689177,1907.000558
,5.299702288,0.014692231,8.068651767
SLC35F5,-1.284633253,0.014720126,2845.977569
LINC01301,2.393247491,0.014723724,112.1291411
TCAF1P1,-2.0582781,0.014727281,103.7338599
,1.892270249,0.014753256,164.913168
CYP4F24P,2.904753386,0.014783707,38.41545313
IGFALS,-2.420235274,0.014793628,918.3962215
RAVER1,-1.575114052,0.014805554,3752.160613
HS6ST1P1,-2.166295245,0.014854215,41.27111247
PACC1,1.280952134,0.014885928,524.5474783
PANK3,-1.434969123,0.014885928,2501.93034
,-2.270982596,0.0148881,7.672094618
PRANCR,1.409279072,0.014908631,196.0372005
HSD17B1,-3.161038461,0.014908631,201.4403542
HAPLN1,4.767096019,0.014918838,410.2669651
,3.202518896,0.014918838,10.85058506
TLE3,-1.636065075,0.014918838,6890.381069
STX16,1.08154396,0.014933665,6320.414923
PRAMENP,7.557320594,0.014975326,16.7946377
,3.266919189,0.015052743,7.461991223
LRP1,-1.479263803,0.015076769,22925.00975
SLC12A2,-2.475701428,0.015085639,3043.690291
TMEM230P1,4.830107771,0.015105182,3.883255103
FAHD2A,1.267662433,0.015108438,1791.901207
PGR,-4.148959356,0.015108438,4735.090786
TMPOP2,3.552386621,0.015129586,6.140658648
PNOC,3.6076763,0.015135396,37.55712631
MLXIP,1.347573886,0.015135396,13047.64208
SOX9-AS1,2.557490142,0.015145761,275.0988624
KRTAP16-1,4.318887513,0.015170309,23.33850733
,1.844468594,0.015170723,70.43105117
OAZ1P1,-8.556926372,0.01517347,51.97775577
DPPA4,3.967652651,0.015183934,6.238643859
OSBPL6,-2.470854183,0.015185182,747.3591776
MIR4692,-4.538913681,0.015186848,2.133661099
PEF1,-1.199866479,0.015189189,2994.347908
RCOR2,2.87344507,0.015189189,807.3862278
KIFBP,-1.496901316,0.015189189,1248.400712
CDH26,1.782341976,0.015189189,77.47241084
C22orf23,1.158886798,0.015189189,89.65723375
RNA5SP190,4.399815142,0.015191329,5.965804998
,-1.084887688,0.015192231,63.12733535
PA2G4P4,2.006647864,0.015202354,837.8240997
,4.685872024,0.015202354,5.396468466
FAM161B,-1.795002763,0.015202354,569.1035172
RFPL3S,1.965169191,0.015202354,43.89045289
,2.520957837,0.015204544,6.448175079
Y_RNA,2.133369664,0.015223425,13.00650723
DLGAP4-AS1,1.739023274,0.015223425,107.7721033
BSG,-1.282808775,0.015225519,26466.93347
MRPL57P3,1.851469855,0.015245305,13.76786408
C6orf163,1.708960706,0.015276694,222.4201304
EHD4,-1.453828928,0.015283037,2723.300644
,2.303558841,0.015284375,54.18377378
,2.876532822,0.015296669,46.90152861
Y_RNA,2.10811217,0.015328149,39.71124329
,2.443301508,0.015331755,10.98361545
GNG12,-1.403558834,0.015361771,3894.783079
IKZF3,3.150346477,0.015396592,1631.86643
,5.044293166,0.015410773,2.930414948
CFAP57,-1.773795992,0.015421448,159.1341765
NA,1.124039881,0.015421448,343.0320215
USP35,-2.026844815,0.015421448,2869.779364
FAM30A,3.87334205,0.015429217,489.583619
Metazoa_SRP,2.19994783,0.015429217,6.993669083
RPS4XP5,3.126728006,0.015443462,128.3910068
MAGEA10,4.24199975,0.015454359,7.030903011
AR,-3.108405366,0.015459828,11572.7261
BNIP3P37,2.561832857,0.015460281,12.35528124
KANSL1L-AS1,1.467766127,0.015461543,108.1859005
C17orf114,1.674102907,0.015461543,19.78560971
RN7SL337P,5.644851437,0.015461543,4.471473464
BHLHE40,-2.173549063,0.015495006,20816.90314
GRAMD4P3,5.729424801,0.015499661,4.735535006
DDX53,5.10517931,0.015513271,7.052609434
ATP2B3,3.55513969,0.015513271,53.00063833
PTMS,-1.508456138,0.015513271,13695.74326
,2.397253481,0.015514659,8.295087465
CSTPP1,-1.269838778,0.015514659,2459.359389
ILDR1,-1.634946968,0.015515997,694.1231416
RHOXF1-AS1,2.695865596,0.015515997,188.2228183
CRISPLD1,2.874240614,0.015515997,2176.259713
RNU6-97P,1.688392821,0.01554344,14.02427332
PTCH2,1.441901722,0.015561887,1360.749093
DBTP1,1.650008999,0.015592249,137.943128
LINC00945,5.579011884,0.015605552,4.282202831
LIX1-AS1,3.269525166,0.015618994,11.33877896
ACAA2P1,2.288298577,0.015628252,24.94974245
STARD13,-1.926204688,0.015628252,1133.56007
FOXD1,3.824249721,0.01564909,132.4008781
RNU4-16P,1.880927057,0.015656056,14.64016753
VAT1,-1.721678641,0.015656056,9550.76644
ZNF725P,-3.164575731,0.015656056,10.40875292
TTLL7,2.219054176,0.015671595,901.5581265
HMGN3-AS1,1.500306854,0.015671595,119.9969896
,2.006752301,0.015671595,15.35390293
SMIM41-AS1,-3.246613061,0.015707214,18.14423842
PPP1R26P1,-1.517085599,0.015712167,35.38566474
TEKT4,-3.054413906,0.01572321,18.13699161
ISL2,4.512916153,0.01572321,67.68509596
,3.575568082,0.01572321,4.810515988
,1.280759609,0.015740513,53.26773672
,5.434270613,0.015826063,3.911728818
DEFB136,5.032891625,0.015826063,4.390660785
,5.373342524,0.01582951,3.731255787
,5.146440126,0.01582951,3.183236929
ZNF727,2.468718711,0.01582951,463.2373075
EXOC7,-1.033621889,0.01582951,5392.602275
,2.802810059,0.01582951,28.0064109
AP2B1,-1.704985964,0.015833786,10811.1109
,-2.748370724,0.015868005,37.78456609
ELAPOR2,-2.665083523,0.015881888,755.3832131
PEPD,-1.018383605,0.015913983,1980.102618
,2.39274119,0.015925577,39.73456234
SEMA3G,-1.707316726,0.015933726,1775.030897
FRY,-1.732233598,0.015933726,1621.456862
LINC02232,5.215117461,0.015968636,3.313920777
RNASET2,1.283568954,0.015968636,2612.684277
,1.81655185,0.015971367,57.8398487
CNTN5,2.667683752,0.015977122,5.409298604
POU2AF1,3.611218754,0.015997022,803.5501447
AMOTL2,-1.137799651,0.016017485,3890.377063
LAMP3,2.343177357,0.016023262,217.0701585
CRYAB,3.139749047,0.016023262,4761.449651
PIRT,4.110270145,0.016024405,3.60521418
RB1CC1,1.373354424,0.016043696,12935.20365
ARHGEF9,1.375508444,0.016049949,2701.144879
ARHGEF18-AS1,2.488374079,0.016049949,43.93419364
SNAP91,2.237614872,0.016070244,46.98594358
,2.164852505,0.016085127,403.7461086
,1.907079446,0.016130389,32.06676469
CEP164P1,2.969583939,0.016130389,20.856807
PNMA1,-1.566116948,0.016130389,1370.986805
AGR2,-4.487922801,0.016137332,7219.304467
SNRPGP18,-1.977500131,0.016137332,8.905815087
GTF3C1,-1.290545703,0.016149679,8694.655139
NCF1B,2.905052231,0.016187701,107.390071
,2.572124656,0.016193228,105.4931136
,-3.786020744,0.016202858,85.62693553
NBPF19,1.615859551,0.016213978,152.2706133
PIWIL2,1.852884038,0.016215192,79.6316952
,5.911451189,0.016240276,8.035484828
,4.028647703,0.016259129,4.775424397
TTLL4,1.810259802,0.016272656,3126.272078
PPIAP51,1.778395423,0.016279464,55.20347031
CHML,2.088269117,0.01628059,1606.639459
,5.369150097,0.016309131,3.703933852
,1.873953106,0.016310368,37.66997864
AK7,-2.66317707,0.016324366,89.31473813
3.661246201,0.016332532,11.02448515,
VEZF1,-1.47305272,0.016332532,4115.118316
GIPR,-3.010474223,0.016334057,993.2903765
NA,2.787659346,0.016335208,14.48118716
,2.279718433,0.01634053,11.28533153
,2.081727596,0.01634053,41.99598818
,2.331780153,0.016362038,16.43305819
,-1.80486028,0.016362038,34.6369723
SLIRP-OT1,2.786378624,0.016362038,5.637001962
MSI2,-1.133689024,0.016362038,3616.538274
NSF,-1.629302778,0.016402247,1628.892434
BECN2,3.598487438,0.016408017,25.7650863
SCARB2,-1.555748438,0.016408017,7410.384435
,2.018506001,0.016456039,40.27739982
RBM5-AS1,1.517108184,0.016477332,82.91836626
HIVEP2-DT,1.846050598,0.016489157,15.54235147
ATL2,1.374686035,0.016511952,2840.960574
TPD52L3,4.997111204,0.016511952,2.849509429
,1.850095425,0.016511952,85.01622476
RPSAP6,1.634029375,0.016515851,131.8419167
,4.735022431,0.016546298,5.475672331
RCAN3AS,1.365556808,0.016552715,21.43971708
TAGAP-AS1,1.725773182,0.016561403,329.3643795
VAX1,5.235883517,0.016561403,7.692499241
MYH9-DT,2.684368202,0.016570052,37.25123476
SOX10,2.746138833,0.016624193,6574.180791
RN7SL623P,5.110222482,0.016626749,3.078431135
,-4.310115082,0.016632088,7.363797974
TBC1D9B,-1.072765989,0.016635524,16230.73885
,2.161090205,0.016641443,11.88512871
RN7SL123P,4.814475341,0.016641443,5.835124628
IGHG2,3.552687573,0.01664189,16103.35748
SHISA5,-1.620575817,0.016646116,11333.14339
ZNF408,-1.222567979,0.016646116,1354.878451
CLDN9,2.663121333,0.016646116,463.7381287
LINC00398,-2.534519012,0.016735746,6.711048521
GDF7,2.06495481,0.016785393,49.01247363
H2BC3,-3.98746305,0.016785393,8.875788516
MSH5-SAPCD1,1.555841149,0.016785393,103.9343228
CTSF,-1.728467862,0.016785393,5683.749524
BRF1,-1.048719912,0.016785393,6148.109295
,3.622551085,0.016785393,15.55314518
LCMT2,-1.538359839,0.016813679,590.57161
LRIG2-DT,2.17646813,0.016818187,92.60826423
FMO3,3.189888188,0.016818187,445.473704
RAD54L,1.924041261,0.016818187,476.0213623
RASA4CP,-2.177177525,0.016818187,469.0977802
RN7SL350P,1.874258562,0.016818187,13.23591851
AARD,3.505805769,0.016818187,4039.382381
MIR3170,2.447172244,0.016825823,17.37120994
,1.559114319,0.016825823,211.2565727
DCHS2,2.606851676,0.01684036,165.5646405
ADD2,2.351797869,0.016847608,342.8215739
,1.333515421,0.016850985,35.29429103
CELSR1,-2.112505098,0.016850985,14519.68507
SLC30A9,-1.448799113,0.016884089,1618.693633
PCDHA4,3.183178777,0.016884089,767.6873001
THAP5P1,2.767671278,0.016884089,7.392689053
OMD,-2.632559888,0.016884089,558.6214525
DENRP1,1.979086115,0.016884089,17.50999029
KRT8P3,-1.748110124,0.016902776,368.3254541
EIF3KP1,4.093047507,0.01695958,8.623330036
RWDD3-DT,1.875499807,0.016982854,129.9841962
,1.994143847,0.01699123,61.47058939
HNRNPA1P50,1.5366192,0.01699123,74.69286137
LINC02102,2.037050608,0.01702699,25.13799336
SEPHS2,-1.661764254,0.01702699,2528.544989
NA,5.041483566,0.01702699,4.529329405
,5.502911682,0.017033301,6.1625002
FAM3D,3.053729925,0.0170408,61.58869868
TBC1D9,-3.117457731,0.0170408,11410.51858
,1.75050088,0.0170408,181.7674133
,3.847468939,0.0170408,13.50423342
,-3.249993553,0.0170408,71.65080419
WDR25,-1.382869555,0.017053627,555.9158523
ANKRD26P1,2.872689424,0.017055339,9.483447452
,1.240996795,0.017077306,337.4857235
,4.900913766,0.017077306,2.669739845
BCL11B,2.894928239,0.017092473,814.0979829
RPL12P41,5.096850012,0.017146438,16.82867369
OGFOD3,-1.039386692,0.017151643,2020.009517
RN7SL569P,3.155782086,0.017219255,5.01391413
DOLPP1,-1.511579404,0.017219255,767.2077857
PI4KAP2,1.297911135,0.017264296,767.6176834
,1.876706517,0.017292294,19.61180199
,2.005683693,0.017344806,18.82746626
RNU1-134P,1.404920971,0.017345751,27.94743125
LINC00908,-3.021187356,0.017346242,86.52267835
SMARCE1P5,2.029415816,0.017352257,23.24397568
ARHGEF4-AS1,3.694855086,0.017357797,12.9637055
NOSTRIN,-2.14249173,0.017376383,1111.343265
CA5BP1,1.295367917,0.017376383,430.8878038
FOXO6-AS1,2.117771745,0.017385662,111.3249721
FAH,-2.151705624,0.017387167,2477.183287
HAUS7,1.371989495,0.017413669,180.3232249
ANAPC2,-1.160941861,0.017413669,7425.740753
MRPL35P3,1.572111796,0.017428344,44.85122297
DMBX1,-2.22087235,0.017482965,54.07440764
IRS1,-2.310993555,0.017490498,3387.794992
RPS26P28,2.532439719,0.017490498,40.33123095
PACS2,-1.128346961,0.017506073,8891.642574
TM9SF3,-1.127126589,0.017507739,5083.567957
,2.623877942,0.017507739,8.35328227
RNU6ATAC27P,1.977641311,0.017507808,29.14988086
,-3.224154902,0.01750801,16.8348633
OR7E22P,3.018256979,0.017513117,41.48223164
,3.903023775,0.017513117,15.13616252
CIAO2AP2,2.333205722,0.017518054,16.0160907
MGAT4EP,2.465906767,0.017518054,30.14804379
ADAMTS16-DT,3.410334931,0.017518054,244.8204727
GPS2,1.123238483,0.017518054,373.8914798
SERPINB2,3.672119014,0.017521345,50.97326848
GRIN3B,-1.793052634,0.017533682,267.4342144
,2.53003116,0.017534671,24.5732011
C1QTNF7-AS1,-2.761532396,0.017534671,27.0748054
,1.684006217,0.017534671,11.55611711
RPS12P7,3.104051421,0.01755645,11.29541278
PSMC1P11,4.514611995,0.01755645,12.50416514
KDM7A-DT,2.143020562,0.01755645,367.0520498
MID1,1.812479018,0.01755645,759.2154995
RN7SL187P,2.748686125,0.01755645,8.451073806
,2.136303899,0.017561419,11.29838607
RPS12P3,1.117873746,0.017562994,98.12542288
SLC9C2,3.243654328,0.017582279,6.629920588
ABHD8,-1.50446348,0.017615126,1246.58746
MIR29B2CHG,-2.05773251,0.01762497,2603.111335
,-3.933348528,0.01762497,32.53463434
,1.701966776,0.017642799,82.1285501
GTSE1,2.569726384,0.017654706,1869.433195
,3.938715907,0.017661989,13.14185577
CCDC177,-3.362732524,0.017702403,32.08453361
WNT16,3.491188282,0.017707199,18.79700097
,5.269719543,0.017719227,3.444045339
,2.113084241,0.017719227,81.98066063
TMEM144,-1.736217034,0.017736489,836.4928049
KCNK5,2.114496034,0.017754053,1113.267747
RPL36AP24,2.945639123,0.01776429,7.018771604
LINC01781,3.827147384,0.017773388,7.28025555
APBA2,1.870065066,0.017773388,721.2969185
LRP12,1.39381726,0.017774328,540.2517364
MYLIP,-1.506528142,0.017779094,1931.050663
IDO1,2.468029296,0.017819436,221.7165484
SPOPL-DT,-1.047221706,0.017849743,59.20427155
LINC01727,2.981184343,0.017849743,11.9948389
TPRG1L,-1.448157535,0.017850678,2152.121999
TMSB15B,2.399843389,0.017858266,11.86858407
,4.73606186,0.017860317,5.552197936
LINC01664,2.703775104,0.017860629,7.16376923
CHRM4,-2.675443361,0.01787998,62.23263674
KRT79,2.978483072,0.01787998,68.06586846
GOT2P2,-2.058119706,0.017886651,33.73211656
SPOPL,-1.777845981,0.017930777,1599.996269
RPL23AP81,2.308369032,0.017930777,8.737251189
C1orf202,3.484605618,0.018004299,5.401619192
MCCD1P1,-4.285765439,0.018014104,2.722295491
CPNE5,2.169644801,0.018022438,942.4527946
TOPORSLP,4.416553691,0.018022438,12.19787752
DUOXA2,3.809069499,0.018022438,17.03471176
,1.792702126,0.018022438,134.8268974
ADSL,1.030959102,0.018022438,457.7556578
RAD51B-AS1,1.97471989,0.018029582,37.8377398
RIC3-DT,4.994084161,0.018060278,11.55703431
GJA1,-2.753868398,0.018106178,4257.83347
WRN,1.433652061,0.018106178,1415.217933
MYBL1,2.498833859,0.018106178,1278.182874
TSPAN15,-2.087207806,0.018106178,5013.007054
SNORD91B,4.329488085,0.018106178,6.08198301
MYH14,-1.52308475,0.018106178,10258.03076
GLB1,-1.27944601,0.018107022,2649.400766
CTBS,-1.064735687,0.018116792,307.7905819
CYP2D6,1.937160119,0.018116792,457.5598543
IGHM,3.24222414,0.018124444,17875.13737
TBILA,-2.280654039,0.018125463,257.7436925
FABP5,2.404459047,0.018139331,564.3228317
NUDT16L2P,-2.47324776,0.01815628,195.5448201
KRT41P,-3.911150874,0.01816951,25.6812924
MSI2-AS1,-1.590284554,0.018178287,21.88703674
KLF4,-1.978700199,0.018224071,1049.687126
DEFB124,3.42237074,0.018229676,8.707908786
KCNJ10,1.381657078,0.018239832,84.73079679
RAB7B,2.686035592,0.018239832,812.0260554
,3.029019481,0.018239832,15.85559532
CACNA1A,2.514534005,0.018311822,823.5033949
ECE1,-1.760735227,0.018314316,18483.9264
GASK1B-AS1,-2.770596483,0.018314316,680.05907
RAB31,-1.799987741,0.018314316,6443.881504
GAMT,-2.083393797,0.018325346,1747.006764
RN7SL674P,-3.038015912,0.018365816,29.44838179
Y_RNA,3.427562264,0.018365816,9.349702875
ZNF48,-1.235749036,0.018365816,1220.554502
,2.477665142,0.018365816,33.0692122
DLG4,-1.45871998,0.018409543,1831.743599
SNORA58,2.120986903,0.018418225,17.66601702
ANKRD20A7P,3.179163045,0.018458528,213.8455964
TMEM229B,-2.426969239,0.018507762,1440.913481
,-1.989535279,0.018507762,63.26514334
HMGB1P39,2.561276227,0.018508778,7.222430854
,3.878758329,0.018510787,17.77053647
ZNF286B,2.001670622,0.018510787,266.6327252
KBTBD4,-1.565281937,0.018514737,410.7234571
RXRA,-1.650002191,0.018515448,9587.345667
,1.481637146,0.018542746,68.15688884
JKAMP,-1.134615913,0.018542746,1235.549141
RALGPS1,-1.336614695,0.018561962,1249.022599
TSPAN4,-1.095461762,0.018561962,4840.635325
PRKY,3.159768663,0.018567951,7.736693501
RN7SKP179,3.6749373,0.018576308,4.109898683
,4.700656166,0.018577574,2.28307909
ZNF619,-1.502249962,0.018580425,376.4149604
RABL3,-1.421718166,0.018595284,1005.916286
LZTFL1,-1.511353583,0.018595284,852.7141425
,1.263266772,0.018595284,217.8419303
,1.725478488,0.018647402,44.85086951
,-5.159483621,0.018657888,3.316479851
SNORA70,4.7234917,0.018657888,2.352090514
C1orf115,-2.919226235,0.018669644,4712.896461
,2.729948338,0.01868104,10.11662385
,1.287740283,0.01870978,40.92778667
,-1.767045752,0.018745331,19.25166711
KLK6,2.775408959,0.018745331,429.0465011
,4.601556384,0.018786025,6.780966431
,2.471400594,0.018815358,8.109836703
,4.317362829,0.018817936,4.106688872
ITGA2,-1.763200015,0.018817936,1924.897808
KAAG1,-3.786938897,0.018817936,4.604136669
PDAP1P3,2.99513918,0.018817936,6.208429898
,2.6125448,0.018817936,15.30807447
PFKM,-1.746372186,0.018817936,2020.57487
,2.112077262,0.018817936,19.22145372
,2.002569982,0.018825986,21.71696653
,3.75985474,0.01884515,9.186143251
,-1.823628601,0.018849546,19.87615982
TMEM164,-2.241275821,0.018875265,4938.12478
TERF2IPP1,3.438780084,0.018875265,31.22034691
,2.518866681,0.018887239,16.57819645
GAPDHP62,2.095321285,0.018887239,29.34657254
SLC24A2,-3.191832277,0.018887239,159.8456038
UEVLD,-1.323255198,0.018887239,1325.518301
ASB8,-1.202243137,0.018887239,2036.690698
ALDH3A2,-1.693456368,0.018887239,3052.800901
,-4.20465038,0.01888855,5.833187601
,4.480019933,0.01892323,6.508284616
FNDC11,-2.042676348,0.01892549,185.7503094
LTBP3,-1.360329673,0.018939242,30895.8074
TUBB1,1.848703881,0.018952695,22.05817665
MTCO1P40,4.15708957,0.018962831,5458.210714
CASP7,-1.513467148,0.018993479,978.8322503
CENPM,1.789908389,0.019003277,331.9696982
ZNF497-AS1,-1.206467195,0.019014877,136.5702592
CRADD-AS1,1.491396093,0.019100032,40.21330762
H4C12,-2.544752886,0.019126681,13.70175405
,1.498190932,0.019130196,40.48999743
MAP1S,-1.289307264,0.019130196,7745.004771
PTGER3,-3.208181335,0.01917323,1104.569394
SIL1,-1.348055269,0.01917323,2417.294849
Y_RNA,1.952612972,0.01917323,37.74249867
,4.342550293,0.019179673,4.311741284
RPS4XP9,4.427554317,0.019195262,6.41120419
BCRP3,2.55733502,0.019195262,15.06552952
,-1.675509727,0.019206235,55.57095313
,1.605756908,0.019214223,91.60843276
,2.673008756,0.019245882,12.57927037
,3.565479506,0.019288571,35.6188254
PLA2G7,2.042322594,0.019289595,131.2426452
FYCO1,-1.58124616,0.019290489,3066.810928
WFIKKN1,-1.457114249,0.019290489,532.9697804
ARMCX3,-1.040569569,0.019296995,2856.293114
DNAH14,1.804172239,0.019302783,1505.54908
LINC03022,1.464166162,0.019302783,68.52974159
ATRNL1,-3.46103793,0.019302783,303.2765576
,1.721385974,0.019302783,63.27783426
VPS26BP1,1.457852345,0.019449407,40.93696978
CTBP2P4,-1.791517663,0.019453462,11.16227815
,2.522787277,0.019454516,5.815497791
AP2M1,-1.184896013,0.019461175,15518.2006
,1.943430691,0.019461175,35.2503239
C1orf216,-1.243930477,0.01952353,1194.269551
Y_RNA,2.164472141,0.01952353,14.81081843
EIF3MP1,4.818646815,0.019548719,3.881732194
GPR18,1.712588435,0.019568602,184.0867463
LINC02909,4.235946953,0.019571207,5.822295322
GBF1,-1.096235485,0.01957873,11703.03948
,1.512341093,0.01957873,309.6910571
RPL21P95,1.476108309,0.019609688,57.98710812
,3.031514821,0.01966715,7.977744014
,5.291241389,0.019670771,11.36986641
CHID1,-1.153650566,0.019670771,3711.468751
,3.234142767,0.019670771,6.817753751
PITPNM2-AS1,2.231008943,0.019680597,61.78680683
,1.516462878,0.019691651,81.24068646
LINC00926,3.01924954,0.019709126,925.5974573
C22orf42,4.652338469,0.019709126,3.437506942
,2.700721098,0.019756552,44.63820201
,1.982019172,0.019760438,549.8401451
NA,5.079485662,0.019864869,6.915867716
CMTM8,-1.701243037,0.019892314,417.7859145
MIR4432HG,3.808169547,0.019916791,19.31932161
UBE2R2-AS1,1.733519707,0.019916791,74.45527713
,-2.395338853,0.019921873,71.42636974
,1.635030613,0.019921873,36.91299765
TRAK2,-1.368447815,0.019945908,1609.254923
RNU6-998P,1.987750104,0.019973962,8.193191515
GLUD1,-1.439116228,0.019973962,6055.33437
LINC02130,-3.38684001,0.019973962,4.402345789
SAT1-DT,3.844314104,0.019979141,8.989638733
CDCA4P3,3.8609138,0.019982309,4.444206196
,1.602087621,0.019982309,25.39145814
CST9L,-4.104176876,0.01998889,7.043563231
NA,2.095637774,0.019992818,158.2073019
,3.313740272,0.019992818,11.12871001
SSC5D,-2.314387839,0.019992818,2388.778323
IGBP1,-1.316677199,0.020034498,1603.514086
,2.576833872,0.020112397,8.613287255
LRRC37A4P,1.902111824,0.020162927,270.236273
ZNF587,-1.397122723,0.020162927,4037.182202
ATP8B2,-1.805161961,0.020191427,3617.725406
,2.841191079,0.020191427,79.73131098
GRIK3,-3.451088023,0.020213928,1327.573644
RNA5SP490,2.247506502,0.020216794,28.78879868
TAGLN3,3.891461846,0.02025641,15.18115719
,2.481981164,0.02026963,23.5655071
GPR137,-1.299159934,0.020305658,3472.628556
,2.49799377,0.020310831,13.32948942
CIBAR1,1.769738775,0.020310831,341.8039911
ANKRD42-DT,1.464335773,0.020310831,585.0937988
EBF4,-2.514144018,0.020310831,7170.227473
SLC28A1,2.415494849,0.020324684,56.03217051
FYB2,-3.219596672,0.020353159,862.3929013
LRRC31,-2.919278105,0.020353159,56.55095087
RPS26P47,1.611322925,0.020353159,31.22720484
SLC4A2,-1.273688962,0.020390573,13250.13601
NA,2.82270058,0.02041587,182.2017743
PPP1R14A,2.499772761,0.020445895,429.0410582
NRIP1,-1.909606787,0.020514315,3256.941535
CCDC71,-1.291446768,0.020517437,900.4226654
NA,2.357969215,0.020521257,11.81806804
,-2.367369649,0.020550746,16.42027051
RPL9P14,4.04868783,0.020558175,3.539264496
SLC49A3,-1.906723507,0.020558175,3091.801376
CATSPER2,1.40820577,0.020558175,505.0361011
PNPLA3,2.07151675,0.020558175,247.3061753
STAB2-AS1,1.853798323,0.020562186,44.33102538
FRMD3-AS1,-2.085961836,0.02058782,30.40635067
,3.03668029,0.020643073,7.575203653
,5.137956668,0.020663522,3.1043368
TMEM184C,-1.004262456,0.020691372,1641.086783
MTCO1P21,2.680940478,0.020691441,12.42631728
COX6CP17,2.459279453,0.020709577,20.24315853
CEACAM16,-3.493649888,0.020723942,27.84942293
BMS1P22,2.583209076,0.020752131,12.18101702
RPS15AP10,1.459747573,0.020753546,278.9894963
SELENOT,-1.408265668,0.020753546,2268.118067
PDE7B-AS1,2.38642185,0.020753546,45.37912861
LINC00106,1.559813199,0.020753546,463.6249876
ARMCX1,-1.131212645,0.020753546,1080.723176
ZFP82,1.328044568,0.020753546,1041.710234
,5.677098234,0.020778286,6.850658509
CAPSL,-3.700676241,0.020791667,30.10339107
,3.486300781,0.020836907,6.952182241
,2.248091784,0.020839033,371.879079
CAVIN4,2.498546063,0.020841743,69.59235373
NA,4.558710875,0.020849482,6.995268194
,1.275431998,0.020865349,58.71454607
,-1.657711651,0.020865349,19.10213593
OLIG2,4.867247203,0.020867929,6.041632329
LINC01124,-3.90907488,0.020897505,15.10290074
,1.633314109,0.020906501,81.77845469
AMER1,1.835600839,0.020914755,689.330232
C8orf44,1.257084048,0.020963686,332.4499131
OTOG,3.716293925,0.020963686,10.95581977
RNU6-790P,1.88485401,0.020987474,17.02000216
TRAF7,-1.279819101,0.02101558,7825.078006
,5.03715244,0.0210906,2.93797037
ALDH3B1,-2.170076449,0.0210906,1959.6241
,1.469151919,0.0210906,33.53356451
TMT1A,2.044231792,0.021093853,4553.792922
,-2.458233867,0.021124752,285.4546193
NA,1.43198398,0.021140433,50.39349363
VTI1B,-1.21113585,0.021157592,1535.763773
IRX5,-1.820529932,0.021163825,6958.009974
,-4.60659911,0.021273767,8.157813584
SOCS5P2,-2.011349066,0.021276619,36.33015578
VWA8,-1.431807636,0.021276619,1342.346025
MTTP,3.147235196,0.021363968,24.12048552
,3.981422872,0.021364459,6.383961173
NA,5.521520979,0.021364459,9.312390879
CAMK2B,-2.596664164,0.021364459,1328.686238
LY6K,3.641349751,0.02137071,100.5457649
H2BC21,-2.008239133,0.021385419,2244.390518
,2.817757509,0.021400504,11.53861467
MARK2P3,2.043540976,0.021403589,20.02008201
SIK1,-2.410497652,0.021403589,269.0992396
,2.174697908,0.021404098,23.38863405
POU5F1P6,1.966537787,0.021473771,51.28519086
,2.114039191,0.021473771,12.70106536
AFAP1-AS1,2.774588445,0.021502042,135.3257556
CYP1A1,-4.833014135,0.021504713,27.32622271
ABHD17AP6,2.406772976,0.021504713,30.21086054
TMEM86A,-1.638918033,0.021529038,629.0500781
ZNF497-AS2,-1.138244765,0.021534736,391.9006313
HMGB3P31,4.358830673,0.021538615,1.847350617
CST1,-4.376770022,0.021541014,384.3243031
CLBA1,-1.059962002,0.021553768,1857.259632
FCRL3,4.167754679,0.021563151,405.1838859
PCDHB1-AS1,4.105690058,0.021563151,3.580693797
TBR1,4.306630401,0.021572919,19.95523009
NBR1,-1.610112075,0.021586962,4913.145388
,3.67592487,0.021593013,5.602328262
AAGAB,-1.761031587,0.021611297,1629.094893
,1.252660908,0.021613685,45.41368698
Y_RNA,3.299788823,0.021648732,6.430047965
,-1.369228027,0.021648732,30.30324525
LINC02747,-6.394965779,0.021648732,945.6857654
LINC02450,3.191259874,0.021654573,9.229545363
SLURP2,4.11671203,0.021655277,6.80785797
CCDC183,-1.607682265,0.021655277,128.8189233
,1.578699897,0.021655277,82.76193971
RPL3P13,4.538673567,0.021657026,3.198331699
ITPRID1,1.888975076,0.021657026,58.23268124
LINC02344,-3.543078,0.021677793,33.03698783
GJB2,-3.055410398,0.021677793,884.0003728
,1.336584568,0.021677793,25.70108508
LINC01821,3.23678723,0.021683509,5.76486574
SPAG16,-1.524224139,0.021763084,694.2587064
,3.746297289,0.02177176,14.02297709
SPINT1,-1.76935251,0.02177176,13074.09022
RPL7L1P3,1.944172113,0.021774506,33.61850837
LINC01152,2.706540933,0.021774506,451.5214809
,-2.420193966,0.021809592,17.5353446
SEPSECS,-1.098836155,0.021813633,673.5823172
,2.923737111,0.021813633,5.528302332
NECTIN4-AS1,2.910403359,0.021846532,73.23525637
DNM3,2.249664755,0.021863472,759.1459163
KCNQ3,2.079245805,0.021863472,331.8007647
ANKRD18CP,2.228764303,0.021863472,259.4431591
CEP128,1.77600656,0.021863472,1097.401584
,2.284628344,0.021964186,32.61156989
RNU6-1333P,3.09992109,0.021967924,4.901626923
LINC01354,2.387844758,0.021971672,28.00430267
HMGCL,-1.36973286,0.021971672,1566.944224
FANCB,1.891323818,0.021992154,176.610813
HEBP2,1.704633523,0.021995349,5480.374868
,4.093830858,0.021995349,5.234863815
IRF2BP1,-1.668693327,0.022022503,4864.623051
ASMTL-AS1,1.578550735,0.022043268,1363.660332
,1.9789494,0.022062303,19.64796335
GPC5,2.806255902,0.022062303,10.22400608
MTFR2,2.047228339,0.022070126,114.0209346
P4HB,-1.105102199,0.022091147,25848.53219
LILRB1,2.116390151,0.022112129,812.5802298
,4.014434598,0.022112812,6.968308596
,2.233390521,0.022131471,62.64666982
ZNF286A,1.632624374,0.022151573,566.5070673
ITPKB-IT1,2.733509191,0.022152854,12.59722981
TBC1D27P,4.40083558,0.022152854,205.4979137
ZMYND15,1.831665251,0.022152854,784.3695587
CHMP5,-1.138645783,0.022167839,1603.495502
WBP1L,-1.556967028,0.022226635,3154.178371
,2.924809437,0.022264189,8.957285999
,1.332169417,0.022319559,38.79538334
CYP2F1,3.01603625,0.022319559,79.18703307
,2.706974672,0.022338828,37.60759255
LNCRNA-IUR,1.98649156,0.022341503,223.8130896
KRT8,-1.548031214,0.022412331,62545.80412
MPC1-DT,1.785882092,0.022420342,25.05230868
,4.758110252,0.02245324,2.413616785
AKR1B15,2.04922512,0.022453814,26.80130946
SUGCT-AS1,1.897612979,0.02245878,24.20242549
CASC17,4.345234857,0.022462329,1.842580205
NPAP1P4,5.219410728,0.022471477,3.35047533
LENG9,-1.465547256,0.022481929,676.5963018
Metazoa_SRP,2.02695895,0.022482453,9.68131064
RNU6-387P,1.603182129,0.022486242,29.32518531
COASY,-1.242195329,0.022499962,4693.870798
ZNF273,1.352889956,0.022526343,699.9463611
PLAGL1,2.3884185,0.022551249,1624.517648
POMGNT1,-1.339676626,0.022561763,6096.984724
NOPCHAP1,1.172799931,0.022561763,698.8779034
UBE2U,4.765667701,0.022584429,5.63631236
MTRFR,1.029695292,0.022584429,2198.08759
,4.862523491,0.022584429,2.613074096
ZNF629,-1.365622954,0.022587499,3577.100968
C21orf91,1.383384473,0.022628984,861.4511558
DEK,1.250258692,0.022643234,10358.51678
CTXN2-AS1,3.227372661,0.022674196,11.59250385
NCF1,2.398820059,0.02268912,257.1837102
ATP5PBP7,-4.889308406,0.022717127,2.714332491
GLYATL1P1,2.549036163,0.022721322,77.81576209
FNDC10,-1.487513328,0.022730264,1659.684857
MRS2P1,5.270083687,0.022730264,3.439887524
SUMO1P3,1.671149083,0.022784122,38.79448824
NA,2.183800002,0.022784122,17.00385587
,5.213110271,0.022813738,3.349280654
RPL6P4,-3.669080399,0.02282771,5.587264509
IFITM3P3,2.088580748,0.022837809,61.63770663
SRPK1,1.474536625,0.022837809,2274.924806
SLC30A2,2.755859974,0.022841194,105.8888364
,3.921923038,0.022874116,28.56519631
,2.485834118,0.022880525,243.0738177
,-1.452913461,0.02288941,710.9416136
DNAJC14,-1.384694375,0.022926673,516.1157616
PRPF4BP1,4.319810284,0.022958731,4.115783808
ECPAS,-1.263656241,0.022973445,4335.941219
MORN1,-1.179658114,0.022983554,1091.282208
HS6ST1,-1.74299095,0.023044845,6619.628619
,-3.663738195,0.023044845,4.253217105
PHLDB3,-1.746657428,0.023060021,2907.175157
REEP5,-1.353469051,0.0230679,6688.435436
,2.342764032,0.023071262,111.2847482
RN7SL184P,4.436141979,0.02309828,2.968850711
TUBA1B-AS1,1.445733562,0.023115426,96.11759971
,1.508731028,0.023115426,49.04841389
PSMA6P2,4.436583693,0.023122196,1.9362624
,2.667412786,0.023122196,9.433967518
MSH5,1.429655906,0.023137627,400.8973513
MIXL1,2.479976294,0.023143234,26.62788151
PPP1R9A-AS1,1.285364074,0.023143234,64.88919202
KCNA6-AS1,3.099009461,0.02317071,7.004429231
,2.508726424,0.02317071,96.71383905
MT-TY,2.096200573,0.02317071,1967.283918
CALB2,3.094943694,0.023233833,546.9553858
ADRA2A,-2.767799933,0.023237194,906.5961913
LRRC15,-3.320358205,0.023272756,4058.857311
GRAMD4P2,4.42315102,0.023272756,2.964370967
PEX10,-1.244395644,0.023279339,1741.049099
TNFAIP8L3,-1.861245488,0.023291219,83.14106657
CHP1,-1.537773504,0.023291219,3983.796353
SNORD94,-1.34257743,0.023316649,16.52654035
,1.52804191,0.023373784,130.3786104
RGPD1,1.895194265,0.023407677,25.76076145
LINC02576,1.666508882,0.023407677,59.39329917
,1.43015636,0.023407677,66.88341379
,-3.679859137,0.023412398,20.75622709
RHOBTB3,-2.011195976,0.023455595,4729.233756
CFTR,3.087928432,0.023463312,35.67777193
ANKRD23,1.102358488,0.023466738,183.8854347
NA,4.540902546,0.023466738,4.801379624
RALYL,4.12686971,0.023503208,3.749763578
ANKRD54P1,5.139720202,0.023503208,4.853123756
LAMP1,-1.461491158,0.023503208,11935.46959
RTN4RL1,-3.007210003,0.023503208,2312.560622
AKT1S1,-1.078845913,0.023503208,3527.135305
TLE5,-1.116562624,0.023503208,19260.52228
PIP4K2C,-1.657858166,0.023508047,2753.242624
SNHG17,1.338543067,0.023508047,1824.200859
CLTC,-1.21997188,0.023547294,8953.14333
CYP4F23P,-2.750833183,0.023569165,1543.312012
RN7SL368P,2.089648995,0.023569165,55.63483005
CMC1P3,5.534607409,0.023574165,6.288580527
AP3S1P2,2.249344117,0.023577044,13.12045113
SHISA4,-1.681063664,0.023577044,934.6915181
RPS2P45,1.673134455,0.023577044,41.40761933
GNG10,-1.838080273,0.023589298,13.33669877
RNU6-936P,1.837838825,0.023594472,11.20727143
,3.988867186,0.023594472,4.974432503
VIRMA-DT,1.738054483,0.023603628,129.5228045
OVOS1P,2.448311039,0.023603628,52.83388374
RAP1GDS1,-2.111625344,0.023614587,2994.972299
,1.80738742,0.023625401,78.9259581
SMIM11P1,4.212394726,0.023660465,5.803481668
MINDY1,-1.678503498,0.023670135,3614.173981
TGFB1,-1.4600791,0.023670135,6454.683794
ZBTB4,-1.663034868,0.023674889,8780.37414
LNX1,-1.532802737,0.023675714,632.8040263
,1.850212162,0.023689339,18.97962208
,2.725508817,0.023689339,25.5987507
RPL31P63,1.981230517,0.02368954,9.239093534
FAM106A,2.799597305,0.023721811,136.3310455
TOM1L2-AS1,1.236191833,0.023725111,344.8730353
,3.023029864,0.023725111,30.88877551
TMCC2,2.229358492,0.023725445,757.9650813
FAM86EP,-1.054234422,0.02374782,254.689718
,2.788266319,0.023754043,5.142559349
ZNF396,-1.621360298,0.023785377,446.2625729
,1.590502384,0.023890177,68.92555412
SLC25A25,-1.421723298,0.023890177,1405.064332
RPL23AP3,3.413979179,0.023895187,20.44786701
,1.506591095,0.023895507,36.46491781
CADPS2,-2.150985463,0.023953794,1320.924672
OR5G3,4.907447938,0.024012784,2.630663223
,3.191195048,0.024055699,33.755219
PPP1R2P1,3.187121973,0.024076634,10.16377961
,2.063311423,0.024076634,36.56256143
SLC12A4,-1.047859513,0.024110936,5285.414533
PTPMT1,-1.086803379,0.024125257,297.0999653
KEAP1,-1.260574017,0.024126415,4319.406026
NA,3.667520105,0.02416153,6.235320289
IDI2-AS1,1.589327009,0.02416153,150.5569471
RHOQ-AS1,1.484690322,0.024171076,111.4136956
RPS6P26,2.211437397,0.024171076,12.5065807
COX6C,-2.086395717,0.024171076,5068.025484
,-3.584302297,0.024171076,8.94984529
OR1X5P,4.819792843,0.024177938,2.523775466
CSRNP1,-1.611655616,0.024198148,2937.468286
,2.335128517,0.024198148,31.44330082
HSD17B1-AS1,-1.516182563,0.024232968,234.8478466
SYTL3,1.144205189,0.024233238,315.1486041
CWH43,3.982777382,0.024304114,107.2346238
FAM78B-AS1,2.505249399,0.024330337,15.48641841
NA,-2.249510627,0.024330337,132.1247332
RNU7-40P,2.097206116,0.024330337,26.33903687
TCL6,3.264613683,0.024330337,24.56975687
,1.574753364,0.024330337,13.78909857
TTC39A-AS1,-1.945924949,0.02436103,178.5876799
LINC00457,-2.922690804,0.024361583,26.35186488
COBLP1,8.044214858,0.024375254,35.20155875
FBXW5,-1.064477106,0.024375254,12779.2646
DDX55,1.235537956,0.024375254,2386.363215
TRIM44,-1.187923701,0.024418652,7033.001013
NDUFV1-DT,2.631285116,0.024428314,4.90155004
CSF2RA,2.252357943,0.024442069,499.2744716
LMO7-AS1,1.964642312,0.024444706,75.69473451
PHB1P4,4.604192706,0.024445957,5.056498242
BZW1,-1.555807533,0.024467052,2184.988385
NA,5.258213674,0.024467052,3.411083851
,2.71495611,0.024467052,8.469116271
ABCC8,-3.738537241,0.024529788,1865.550252
SMG1P7,1.353136484,0.024529788,204.8059973
RPL31P43,4.028898277,0.024541457,2.256520679
MIR5002,4.703211447,0.024544197,3.523849692
H1-0,-1.334202358,0.024544197,7445.545295
FAM171A1-AS1,2.614707103,0.024545467,22.89322623
OGFRP1,1.177935374,0.02460783,196.8791389
,1.72185737,0.024607936,24.11001321
SLC7A10-AS1,3.526675091,0.024607936,43.44350986
RNASE3,4.339813788,0.024614126,2.787642591
,5.719942179,0.024640932,4.686107664
TRIM60P14,3.403837673,0.024668414,5.50422422
AFG1L,1.270741347,0.024668414,234.5400353
GCC1,-1.520078442,0.024668414,1144.610913
TMSB15A,4.088240826,0.024668414,58.5547562
,5.529771081,0.024668414,6.256840813
NINJ1,-1.945026765,0.024668414,6326.237483
CELSR2,-1.283773866,0.024693831,10474.86814
KNOP1P5,4.058018567,0.024693831,5.474786318
,3.114569995,0.024693831,11.51169889
TRIM71,2.598738108,0.024696979,12.48039748
DNAJC19P1,-4.747151808,0.024698262,2.488569213
RPL12P42,2.217759177,0.024700581,11.55079809
ADCY6,-1.511868125,0.024751818,6093.848363
WWP1-AS1,-1.716346271,0.024766581,117.2616645
IPPK,-1.086206581,0.024818277,248.3018765
,2.87210929,0.024826988,4.920532413
UCN3,2.961148581,0.024826988,9.793726859
CXXC5,-1.900086169,0.024836166,5828.049644
RPL21P32,1.643311435,0.024842988,86.40325414
LRRC26,-3.80164515,0.024848438,1435.473189
MIR3679,3.144521145,0.024854241,3.922423386
H2BP1,2.655313919,0.024867011,9.887481346
RNF222,2.329191826,0.024873408,52.19461372
,3.437662861,0.024889351,5.982226469
,2.382907368,0.024904165,10.58581102
SLC4A8,-2.988089695,0.024904165,1936.398286
HMBOX1,1.174269461,0.024959613,2772.472941
RNU6-339P,4.858022817,0.024959613,2.589182332
PGRMC2,-1.432406812,0.024969144,2786.399005
,1.148141557,0.024986716,94.50730741
,2.245576843,0.02498718,15.10223562
JDP2,-1.336384547,0.025006339,1094.928231
ZBTB7B,-1.053448616,0.025011328,12567.03419
,1.360915394,0.025076996,1047.416693
,1.754034382,0.025076996,288.7099382
ARMC7,-1.290871697,0.025076996,823.6264584
,2.30862902,0.025086793,92.82707085
GBP1,1.726986979,0.025088178,2651.157543
snoZ196,4.318544335,0.025088178,1.80783657
,2.568262392,0.025094936,38.85348067
TYRP1,4.013349181,0.025117986,10.43476596
CCL7,4.033644933,0.025117986,3.512942612
APH1B,-2.076915657,0.025132319,590.2442147
H4C14,-2.199746254,0.025132457,41.16574357
LL22NC03-63E9.3,3.659505606,0.025152507,4.085363432
PSAP,-1.382223732,0.025168862,36356.91049
PLCXD1,1.480489184,0.025191325,2054.476941
SCNM1,1.028439137,0.025207996,1595.165073
ZNF467,-1.821808035,0.025207996,5389.966968
LARS2,-1.267866938,0.025251137,1202.851202
PICSAR,2.723273933,0.025273713,29.10109217
OFD1,1.29905969,0.025297898,8341.508608
H2BC19P,-1.389959679,0.025322792,290.56203
LINC01761,3.914877264,0.025336931,8.725774309
MUL1,-1.493318964,0.025336931,1499.751498
,-2.033448248,0.025336931,21.66478235
NDUFA5P2,3.044140274,0.025337317,6.443648718
,2.807685438,0.025383572,15.396883
,1.391899502,0.025389374,40.50003007
ATP13A5,2.96885532,0.025389374,215.377161
DCTN4,-1.305189587,0.025389374,3105.057198
CRISP2,2.877172137,0.025411985,10.53457124
,-1.585149249,0.025411985,148.8913427
LINC02603,-1.427390094,0.025433872,14.79185128
RRN3P1,1.791833822,0.025433872,251.5228443
SERTAD3,-1.429797958,0.025433872,2526.638874
ENAM,3.673708898,0.025435276,20.86338071
LINC02964,3.045789736,0.025443339,24.21483793
FXYD6-AS1,2.222061958,0.025479582,15.06094794
SNORD3B-1,4.164917958,0.025479582,11.60625063
,1.659624241,0.025528829,207.9908273
MAP7D3,1.474237149,0.025535607,1077.462662
MGAM2,2.621126949,0.02556066,121.6891039
MTATP6P1,1.442852476,0.025597608,98942.87662
SYNGAP1,-1.355898456,0.025597608,4811.369184
FKBP10,-2.170731852,0.025597608,18219.65753
,-2.705470306,0.025597608,6.339082536
,2.128987103,0.025635543,11.34835016
MTFR2P1,2.444331877,0.025714219,20.30187201
TESMIN,-2.143142353,0.025725859,2240.128727
,4.785793318,0.025754536,3.752180105
IRS3P,1.736361325,0.025770227,15.81957026
CYFIP1,-1.144838703,0.025881926,5780.820026
,1.356678263,0.025931928,185.6011432
ANKRD62P1,3.591718525,0.025931928,108.0954296
RPL7P15,2.730198602,0.025964747,11.6050462
,4.25831689,0.025964747,4.014301567
RDX,1.313449076,0.025964747,4232.126903
ZNF213,-1.128011375,0.025964747,4410.522622
LINC01622,5.001084713,0.026002829,2.841439198
PCDHA9,3.095580131,0.026029271,188.1865701
DAZL,5.085754422,0.026042564,6.962452329
,3.847375431,0.026049359,7.826932994
,1.951997487,0.026059057,8.936343739
LNCBRM,3.065271215,0.026077544,4.596358532
STXBP1,-1.464603494,0.026077544,1460.620238
NFIC,-1.468347457,0.026094587,29447.19738
NXF4,4.816942865,0.026099435,2.526022851
NPBWR2,5.837154078,0.02621011,5.116170709
LINC01993,2.321693026,0.026228284,23.8946023
NRBF2P2,3.37493479,0.026228461,8.266621841
DPY19L3-DT,1.659680818,0.026258522,35.60498181
FTLP20,2.538787557,0.026268857,9.983323246
LINC01143,3.852408313,0.026275344,19.77088173
,1.929612361,0.026275344,32.38396332
RAD54B,1.698595711,0.026275344,180.1619662
B3GNT9,-1.58323991,0.026275931,1156.098981
,2.016286578,0.026339581,21.85198651
NA,3.567646977,0.026348941,3.653770687
TRIM60P17,3.359204628,0.026375402,4.203390698
,1.330544916,0.026389805,115.6493525
,1.087991967,0.026402679,53.2193561
,2.088603931,0.02641181,27.60821781
ABCB10,1.198470203,0.026426633,879.5432784
SNX2P1,1.23469309,0.026426633,40.79838456
STPG3,-1.942690707,0.026426633,342.8845215
ZNF790-AS1,1.842062665,0.026426633,1076.054091
,2.18188689,0.026430557,6.880285465
LINC01147,2.945109835,0.026440074,8.102947183
SMIM12,-1.08585701,0.026450825,888.2820868
RUBCNL,2.483182426,0.026450825,442.2278266
DCBLD2,1.151978124,0.026486571,1515.351113
ZNF891,1.200397305,0.026486808,905.4522959
KRT3,4.604199575,0.026486808,7.231083504
RASGRF1,2.775721937,0.026486808,135.5406037
NOMO1,-1.22073206,0.026486808,2319.827988
RPL26P29,2.437656664,0.026515976,12.40172531
PPP4R2P3,2.205170606,0.026564747,33.87047661
AFF1,-1.351814848,0.026564747,2124.232827
LINC01501,4.691406342,0.026564747,5.398572799
SEC31B,-1.109164229,0.026564747,1523.607182
DDX11-AS1,1.792388404,0.026564747,104.5002405
TMPRSS15,3.628683427,0.026576927,4.984333346
,4.733901225,0.02659574,3.664084494
SERINC3,-1.219485673,0.026617492,4650.919832
NRAD1,2.68453088,0.026633697,43.18151566
NA,2.010196542,0.0266774,15.15400124
DUSP3,-1.527066113,0.0266774,2447.168738
LINC01765,3.154278331,0.026678619,3.808937226
,1.588833751,0.026694539,10.26651607
,1.71627328,0.026715624,12.38210378
FEM1B,-1.329990515,0.026715944,2891.620689
RUNDC3A-AS1,-2.480636548,0.026715944,117.1027951
RN7SKP38,1.756033762,0.026718572,20.40073516
EPHA7,2.403801282,0.026786045,40.11160263
PCSK4,-2.028400728,0.026786045,2075.893487
KCNJ14,1.199353841,0.026786045,356.7203264
,2.179088628,0.026786748,49.42214935
GOLGA5P1,3.005304947,0.026816433,11.22690504
SLC35C1,-1.025443847,0.026816433,1486.540416
ATP13A2,-1.162679059,0.026821374,10551.00801
,2.808383073,0.026844225,11.67012864
ENPP5,-2.220919919,0.026844878,1612.622805
LINC02936,-1.88594095,0.026852732,14.99701397
ZNF92,-1.472295172,0.026852732,629.5266448
,1.815504474,0.026852732,57.76480994
RN7SL192P,2.468774525,0.026852732,53.44531
EPHX3,1.826205334,0.026852732,56.33453694
LINC00506,1.693084142,0.02685912,53.59299542
,4.058095011,0.026885581,10.40204342
TNS2,-1.617593117,0.026924711,13414.1951
TMEM141,-1.452336082,0.026941349,1132.292401
LINC02615,1.246601136,0.026968777,474.8913101
TCIM,-2.796899487,0.026968777,1637.540666
GLMN,1.276602352,0.026974687,417.0394336
SLC35A4,-1.158979305,0.026974687,6170.448911
APEH,-1.48495772,0.026993675,5269.407879
LNMICC,2.756108734,0.027016844,14.36193035
MIR155HG,2.480649738,0.027016844,115.3028349
LINC00578,-3.063617519,0.027046097,218.4120819
,1.977693221,0.027083912,16.69457055
,-4.316970597,0.027118624,4.35910296
KLHL11,-1.821992934,0.0271808,221.7730074
CCDC97,-1.06296917,0.027197224,2844.153877
NA,3.125297526,0.027229137,12.31527169
,4.393246255,0.027258522,1.891582972
OR5BT1P,2.087423933,0.027263662,11.48375057
,3.799816109,0.027263662,2.967670011
LINC01016,-3.892425559,0.027288473,154.6642557
RASA4DP,-1.768513665,0.027288473,132.8490622
PPP2R3B,1.343062192,0.027288473,2840.296347
,1.590135943,0.027298246,14.51194746
,2.103963202,0.027298246,12.83540683
TMX1P2,4.288318753,0.027298246,4.074126208
MYH15,2.884614952,0.027317628,51.27640739
TSPAN12,-2.479950875,0.027320609,494.5568291
CSNK2A3,1.585640265,0.027320609,18.10151157
RARA-AS1,-1.459932485,0.027320609,127.2604284
MYBPC2,4.080054301,0.027320609,198.544459
GAPDHP66,3.856300084,0.027337255,474.3960824
OR7E13P,-1.828395585,0.027352027,16.8363461
LPO,3.414157845,0.027352027,37.62735256
MYBL2,2.309620469,0.02736677,3211.142038
RPL9P32,2.272841506,0.02736677,28.03199135
CYP4V2,-1.797930105,0.027391523,954.1215026
KCNIP1-AS2,4.684809173,0.027391523,30.36375978
,4.52047826,0.027391523,2.052352205
LINC01397,3.646920396,0.027412018,5.014866718
FBN2,3.276322014,0.027412018,592.4498008
ABLIM3,-2.441995893,0.027412018,1780.012568
TTC9-DT,2.885726959,0.027412018,11.82539721
SUPT4H1,2.233319499,0.027412018,19.50696209
CKAP2LP1,3.747081698,0.027446533,16.64180841
,-2.608765806,0.027464533,5.35151213
,2.630913958,0.027487806,27.20262243
LINC00689,2.666120103,0.027495921,31.02176143
NA,1.381393725,0.02749757,57.69899934
,1.88837198,0.02749757,30.06130735
PLPPR2,-1.735828644,0.027497792,5041.84092
NOMO2,-1.195005529,0.0275724,528.7709257
ST3GAL3,1.748813615,0.027580474,636.4864469
LINC02198,2.997082966,0.027580474,24.31805233
BIN2,2.066648859,0.027580474,845.2817322
NA,-3.320092644,0.027580474,102.7572801
EEF1GP7,2.622346332,0.027616694,6.529377317
KRTAP5-1,2.296190884,0.027616694,339.7940496
TTLL7-IT1,2.297212841,0.027627602,14.75721719
UCP3,1.325347983,0.02766776,245.9739919
RALB,-1.36113247,0.027698672,1465.45488
HYMAI,2.582163114,0.027698672,49.14145596
PLEKHD1,-2.443900869,0.027698672,559.1072707
ACTG1P24,3.345424585,0.027713858,20.04445813
ST3GAL3-AS1,1.946249149,0.027744201,6.834968785
CTNNA1P1,-1.63386546,0.027744201,42.37917573
RNU4ATAC18P,1.991243188,0.027744201,55.79488495
KASH5,4.490017165,0.027744201,4.646754823
SPR,-2.049588503,0.027745559,2130.664097
SSTR3,3.397430823,0.027745559,38.69518624
PUM3,1.300719661,0.027754121,3253.473955
MUC5B,3.147359725,0.027754977,18286.08214
HLA-F-AS1,1.844959225,0.027788135,333.284289
ITPRIPL2,-1.553611695,0.027793898,2160.33066
CPHXL,-2.894862983,0.027804097,30.35720581
,1.465033607,0.027841462,15.42362461
UGGT1,-1.020720811,0.027850577,4346.554072
SLC38A1,-1.52429692,0.027870051,9103.524461
,2.031499581,0.027899641,22.96335354
DOCK7,1.319431155,0.02790529,2123.783622
TTC23L,-1.452585388,0.02790529,119.3534892
NA,1.574325023,0.02790529,128.599229
OR5AU1,3.584093278,0.02790529,8.399117994
,3.015638202,0.02794963,31.95541387
RN7SL338P,2.116531289,0.027957527,34.6158235
KIF13B,-1.433337774,0.027976372,4016.113453
Y_RNA,3.793880128,0.027999502,2.924501063
VWA2,-3.003278972,0.028003082,2059.993908
PLCD4,-3.097935123,0.028035757,567.3180659
FERMT1,2.275037632,0.028059708,263.1672679
NUP210P3,1.579953278,0.028098508,24.64467957
MAGEB4,5.304686043,0.028126977,8.021363014
,1.243468528,0.028126977,203.2134478
PSIP1,1.18354929,0.028147343,4100.446318
,1.432220094,0.028153477,36.59985825
HRAT17,4.577033217,0.028163807,4.94527273
CD2BP2,-1.01489924,0.028178808,3759.410653
H4C15,-2.21835632,0.028184065,28.94545297
NA,2.991118268,0.028184065,9.649327222
SLITRK2,2.517413135,0.028184065,11.49552917
ASNSP6,3.713236442,0.028184065,15.77870633
SRSF3P6,3.645977104,0.028185324,5.231735681
BCL2L2,-1.140070545,0.028185324,1947.442925
NCF1C,2.61571455,0.028197633,224.8339282
CBLL1P1,4.284128322,0.028197633,5.811884053
,4.145736515,0.028197633,3.724252844
GSTZ1,-1.151397974,0.028197633,1026.725183
ZNF329,-1.142920143,0.028197633,619.8127692
PEG3,2.864670002,0.028197633,637.9715899
,-2.605230848,0.028218343,22.37438698
,2.788290205,0.028286765,6.381525294
KIAA0040,-1.974968045,0.02829982,4384.763662
,1.380487923,0.02830717,90.94785844
RASA2,1.524211394,0.028308123,2009.719521
EHMT2-AS1,-1.369732933,0.028312695,261.1083839
CHSY3-AS1,2.967831923,0.028321651,29.93563412
LINC02235,2.104217693,0.028321651,42.47789862
MIR4537,4.746256066,0.028329029,5.552692984
MT-RNR1,2.201852524,0.028329847,195530.484
GPC2,1.715570768,0.028345332,620.3704539
Metazoa_SRP,2.558694139,0.028345332,7.387531824
Y_RNA,1.724132188,0.028402217,27.32060262
,2.177528417,0.028402217,5.843229503
TXNDC15,-1.151512365,0.028405679,1905.065038
,-2.331198453,0.028419985,128.6999042
SLC7A3,-3.435963405,0.028419985,17.30411909
,1.499019294,0.028432218,20.12509298
LEO1,-1.447309315,0.028532332,1716.567932
ABCC5,-1.547867595,0.028542367,5896.659507
MAPK13,-1.498883326,0.028542367,5571.119456
,6.232918092,0.028542367,57.59242816
LINC00922,-3.275429169,0.028542367,24.91045399
ADGRG2,2.258828812,0.028551054,225.5298076
MT-TE,1.759458326,0.028551054,512.5243784
TENM3-AS1,-3.304731359,0.028559313,88.43406301
CCDC125,-1.200420983,0.028559313,1985.879735
RPS2P44,1.960841224,0.028559313,180.0769558
SEPTIN14P12,3.019651402,0.028559682,14.4273454
PRRC2C,1.065050428,0.028563211,47067.95707
,1.75233613,0.028596723,27.41538514
,1.702159366,0.028662865,63.0811147
CLGN,-2.8960308,0.028662865,366.5502085
ATG101,-1.501167666,0.028662865,1041.945594
SORD,-2.068111395,0.028662865,938.0317537
NEB,1.930009777,0.028664132,479.4027836
NA,2.822388508,0.028680858,10.21043874
ZNF667,1.895924004,0.028685852,996.837789
,-1.78068968,0.028696599,27.54839592
RNU6-28P,2.829734158,0.028746922,4.581282729
RPS3AP10,3.666143257,0.028772456,4.136759032
C9orf163,-1.411346784,0.02880526,190.8358022
,5.24947771,0.02880526,5.207602054
LINC02848,2.502457937,0.028824348,27.05070908
DNAJB12,-1.198585521,0.028824348,3748.714893
LINC00426,2.692109769,0.028850074,89.24895646
EIF3JP2,3.647528127,0.028885768,42.69490957
,1.16245892,0.028885768,24.94415664
GNAQ,-1.320359657,0.028885768,5169.861872
ZNF276-AS1,2.083705897,0.028893766,10.14105589
C1QTNF1-AS1,3.488485439,0.028967905,20.64526782
ZNF865,-1.040962634,0.028967905,4019.92953
RNU5F-3P,4.653350849,0.029012053,2.236766452
SPINK8,3.833498089,0.029015858,29.20365182
SLC2A11,1.577951572,0.02902446,1805.831089
,-3.572717645,0.029045326,48.54775706
TLR5,1.670543514,0.029075508,585.9860499
,5.146093706,0.029075508,4.775595379
TSC22D1,-1.582890226,0.029075508,5572.902186
CYB5D2,-1.44348864,0.029104592,917.9688356
LINC02843,-2.515381369,0.02910921,14.52650846
ADNP-AS1,1.295667479,0.029123398,121.6660343
,1.358928927,0.029179191,206.715552
SLC24A4,2.534594486,0.029221683,22.8945737
TAS2R42,2.106355318,0.029285744,10.34621615
,-2.334580601,0.029296355,10.31912632
LHPP,-1.408662637,0.029302586,1464.253094
,-3.429473288,0.029302586,61.72078952
LINC02278,-4.899838619,0.029352655,6.486804248
TOX4,-1.335603609,0.029458375,3452.362886
ADIPOR1,-1.601932167,0.02956722,7445.870309
REEP1,-1.964363246,0.029583646,543.9064623
TFCP2L1,2.650008084,0.029645284,2642.703837
,4.642719854,0.029645284,2.218582299
ATP5MC1P3,2.060884295,0.029661504,19.59201408
Metazoa_SRP,1.681738619,0.029679815,12.20897307
ABHD17AP3,2.769016323,0.029682889,11.93424289
RNU6-1098P,3.715116946,0.029721655,5.333454239
KRT42P,3.085500026,0.02974217,17.53158919
SHC3,1.577970423,0.029742459,212.8527692
ITGA10,2.886887357,0.029744433,5572.278552
NFKB1-AS1,2.185323587,0.029778071,39.27596011
LINC02979,2.030953396,0.029789818,22.05331417
NSMAF,1.098734746,0.029831964,1689.480993
KLKP1,-2.738983709,0.029988566,22.84854249
INA,4.019741417,0.029997485,26.96768641
,1.683608897,0.03004729,27.47046149
HM13-IT1,1.614678643,0.030074988,215.475348
,2.409396098,0.030115755,205.1896971
,1.513081422,0.03012027,24.40182853
SLC22A17,-1.774688243,0.030121882,5486.401011
KLF3P1,1.411018465,0.030126664,104.4458852
IGHG3,2.904368393,0.030135883,9449.640351
ORAI3,-1.333870719,0.030149633,642.855482
SSBP4,-1.082218376,0.030149969,4661.103444
OR2H5P,4.810287755,0.030203907,2.52300202
ECHS1,-1.241961483,0.030227687,3370.195478
PDSS1,1.667785929,0.03027186,256.2880047
CZIB-DT,2.118268412,0.030272338,11.43131843
TSBP1-AS1,2.398011811,0.030293713,55.32520492
VSIG8,3.225290914,0.030301038,3.916501163
SLC39A2,2.23147024,0.030301038,21.81874974
BTBD3-AS1,1.786768027,0.030301038,133.6297219
MRPS18CP6,2.740237965,0.030301038,9.181811113
,2.239523905,0.030364048,28.11963121
FAM135A,1.546002839,0.030392565,531.3007057
CASP5,2.483533339,0.030392565,11.2045301
PNKD,-1.232820999,0.030421643,3756.446713
INAVA,2.886901788,0.030454386,554.7008198
ITPRID2,-1.509769967,0.030454386,4049.260363
ISCA1,-1.186960121,0.030459271,749.2756802
OR13C6P,4.730629733,0.030459271,5.538296125
,4.226855133,0.030459271,10.17737791
,4.858068437,0.030471509,2.541187995
,-1.842712532,0.030471509,20.42115591
RNU4-62P,2.461839293,0.030572714,14.90916415
,1.94015846,0.030572714,16.58917519
ZNF280B,2.415836327,0.030626424,89.71811558
PRDX3P2,1.892069452,0.030638029,37.39459336
OR7E37P,3.883473288,0.030638029,3.165520527
RGSL1,2.945402798,0.030642467,14.17953018
PCCB,-1.271899423,0.030719277,1571.031517
RHCG,2.985453033,0.030719277,42.81881553
BRPF3-AS1,1.620939462,0.030719948,145.403528
,2.022595711,0.030721957,26.61079442
PAK1IP1,1.115813852,0.03072823,1073.793955
,1.47643844,0.030732466,37.96718502
DHX9-AS1,1.550166435,0.030818402,34.11855118
ZNF646,-1.171124189,0.030818402,3903.018864
,2.547453648,0.030818402,30.79284039
RPS18P13,2.519732034,0.030825503,18.40488544
CMBL,-2.215017944,0.030884606,2350.506244
RN7SL165P,2.030363835,0.030896472,8.582890925
ARFGEF3,-1.725534443,0.030896472,8368.195092
Metazoa_SRP,2.32510082,0.030912332,72.98397527
A1BG-AS1,-1.16989502,0.030912332,397.2165232
,2.678551774,0.030936522,16.38358557
,2.112137061,0.030936522,11.97310363
BAIAP2,-1.535354827,0.030940942,5176.038926
FBLN1,-2.278569889,0.030967235,8926.001893
Metazoa_SRP,3.914017094,0.03099116,8.429655191
TCEAL1,-1.732466744,0.031010539,705.7258267
,4.146937362,0.031081667,2.507269637
POLDIP3,1.313646954,0.031081667,65.30615187
NR2F2,-1.466863028,0.031109808,6519.324269
STPG4,2.11925727,0.031119608,22.23440579
WNK4,-3.432285839,0.031153599,4821.037775
NASP,1.219161979,0.031154397,8671.825211
,2.645809383,0.031197738,5.888914303
LINC02434,8.842413119,0.031197738,40.90327347
PIGS,-1.508890747,0.031203672,2266.587535
,2.963663505,0.031213652,32.77226928
TNFSF18,2.649705599,0.031213652,17.18290352
SNORD38C,2.256413027,0.031258889,5.466604394
VNN1,1.618014043,0.031258889,43.18941674
,2.309304152,0.031258889,218.2876453
,2.627402526,0.031258889,11.00751824
TAF1D,1.572177866,0.031262892,5092.115724
LINC01353,2.282402597,0.031302217,9.515565705
LINC00240,1.261149841,0.031326413,148.8698717
,-2.098038119,0.031328998,34.8417121
H2BC7,-2.907148775,0.031328998,46.17757396
LINC00898,4.047315468,0.031328998,12.11254271
H2AC16,-3.04564239,0.031366684,8.232427953
,2.032136963,0.03139689,8.759836513
CDHR5,2.097919279,0.03139689,374.793771
SYT8,3.436626966,0.03139689,11461.50555
,1.466151389,0.03139689,68.23921546
IL31,4.153164057,0.031399622,3.817065595
,1.547196134,0.031399622,46.27665249
,4.978027993,0.031440145,2.824127531
DMWD,-1.131052447,0.031464686,5645.476243
FKBP1B,-2.581198851,0.031468078,83.52795676
NCR3,3.690187967,0.031469424,50.77836607
SPHK2,-1.262203741,0.031496867,2595.55529
,1.96830339,0.031507965,57.70621708
,2.233865682,0.031511006,6.35300806
Y_RNA,1.622427888,0.031511006,26.68870861
RNU4-80P,2.108864758,0.031511006,15.08119389
ZBTB2P1,3.155530769,0.031544766,3.886038583
RN7SL188P,4.647913828,0.031557618,3.421766169
NUDT16L1,-1.333686371,0.031557618,1958.474922
,2.234164852,0.031568946,75.68195366
TRIM43,5.109876688,0.031580542,3.123401711
NR4A1,-2.170272388,0.03161801,13464.98728
MAP3K15,2.377289616,0.031630133,26.02093499
IL17RE,2.077787898,0.03165818,2110.565725
,3.631057842,0.03167131,9.341382581
RNU2-58P,1.766138498,0.031681451,11.23832852
RBM43P1,2.866978472,0.031689285,14.32017922
AURKB,2.250138574,0.031693236,978.2357962
,1.614736061,0.031858956,46.18788336
CBX2,2.754324779,0.031873478,1658.307779
,1.961240264,0.031877251,9.022274556
,1.372229457,0.031932778,87.37976821
,4.359547879,0.031961073,6.525632659
CMSS1,1.198472346,0.031969785,1006.173189
KRT18P39,-2.403171413,0.031992232,6.001566405
,2.736810224,0.031997802,5.396783251
CLDN25,-4.931200952,0.031997802,4.317143131
,1.531018516,0.031997802,12.96064897
,1.795177979,0.032008301,142.3703955
ERVK-28,3.815460478,0.032008301,4.185692048
MT-TN,2.324025589,0.032008301,635.6612607
,4.468209265,0.032047625,4.505694502
,2.044767908,0.032063775,30.62070458
BTG3-AS1,2.566179014,0.032083321,68.44787006
,3.932991202,0.032117921,6.343764144
KRT74,4.099578835,0.032152894,3.612305669
TNNT1,-3.801221166,0.032152894,1370.018871
,2.189285436,0.032164538,30.94528949
SPMIP5,-3.992010471,0.032164538,177.3860433
,2.382009185,0.03217072,16.13568358
DCAF12-AS1,2.01403901,0.032189977,34.92877487
CNDP1,2.112145031,0.032189977,17.55918502
STON1-GTF2A1L,5.194431175,0.032250212,4.952521656
CPNE8,2.218507976,0.032250212,469.8932486
,2.798092663,0.03228214,16.60485135
,3.096746637,0.032308192,6.240553028
,3.315462919,0.032396209,5.477760082
Metazoa_SRP,1.353914251,0.032416685,41.98732629
ATP6AP2,-1.044280732,0.032483983,3918.284185
HACD3,-1.687892169,0.032491121,4528.763233
CYP2F2P,-1.717203389,0.032491121,176.0925246
,5.177986399,0.032501513,3.181662372
TRIM61,2.391902096,0.03250948,112.7681297
RN7SL377P,3.291331158,0.03250948,3.184124604
TBL2,-1.031430819,0.03250948,2235.964274
PDCD1LG2,1.326078956,0.03250948,74.44945265
DNAJA4,-1.978372432,0.03250948,3952.551763
FA2H,-2.354217505,0.03250948,478.3750749
CHMP6,-1.231531678,0.03250948,1270.140219
LINC02694,-2.491944137,0.032525465,80.68878521
LINC02323,4.127865185,0.032530741,10.84059847
,1.66571941,0.032532054,11.16761495
SLC26A11,-1.121726868,0.032532054,2611.640157
BRSK1,-1.553774621,0.032541631,1548.968438
LINC01340,1.812696344,0.032548009,14.67064316
LEPR,-1.435943199,0.032555671,325.9283772
,1.214101788,0.032555671,152.2068258
ZER1,-1.16362319,0.032555671,6530.678936
PIERCE2,-1.481086648,0.032555671,67.50833017
SORBS3,-1.329796608,0.032608594,8210.489832
NA,4.80356794,0.032608594,5.817474958
MIR6728,2.670043657,0.032664397,9.70917824
DPYS,2.558695875,0.032664397,8.496041852
NECTIN2P1,-2.178538762,0.032674651,10.67147849
OSR1,2.555097118,0.032712005,980.7231001
,1.575127391,0.032714055,27.30086634
,1.370195481,0.032729182,25.95333782
HCN1,2.868305259,0.03273057,21.93148625
SCAMP1,-1.459446576,0.032784779,2277.59399
,5.459885099,0.032784779,3.934664827
NA,1.806996827,0.03281582,9.562956119
AGPAT5,1.712902209,0.032816341,1323.031796
,2.086810754,0.032818065,14.64077431
MINDY3,-1.01489246,0.032834601,799.2979972
,2.814703355,0.032847704,7.404465679
SLC23A1,-1.376441254,0.032847704,149.4918594
ASS1P3,2.343026129,0.032847704,14.21920061
RHBDL1,-1.809430615,0.032851042,1642.452879
MT-TI,2.017713073,0.03286527,11.27714541
RP9,1.015647527,0.032872441,657.9180487
,2.01784176,0.032872441,10.89192662
,1.675154294,0.032936645,61.20664655
,-1.562777186,0.032936645,21.43614569
SLC12A5-AS1,2.373372033,0.032936645,12.96695901
CTBP2,-1.085105018,0.032938222,6419.001395
CRPPA-AS1,2.675881218,0.03295372,26.00534087
,1.605409639,0.032958819,67.61992067
EIF4HP2,1.371918083,0.032967603,74.96043706
ANTXRL,5.258328417,0.033040293,194.4240488
,2.56477295,0.0330448,33.40812971
CCDC144BP,2.672450747,0.033110235,2969.291075
DDOST,-1.030051248,0.033128658,9119.890365
,1.806980713,0.033128658,36.59748136
CYP2U1-AS1,1.36316073,0.033128658,40.82312741
STC2,-3.155666965,0.033128658,27298.74939
SCN4B,-1.849596169,0.033128658,477.0620132
SIGIRR,-1.201201358,0.033135049,5138.278462
OBSCN-AS2,2.061997271,0.033183207,37.34872668
DYNC1LI1,-1.635478951,0.033183207,2027.911669
SNX20,2.491052189,0.033183207,287.2132397
ZBP1,2.695039551,0.033183207,412.7571197
PTBP1P,3.425932762,0.033248324,14.24235535
,3.631297246,0.033274473,8.62834747
,1.673078116,0.03330456,77.06247806
PPP1R2P2,4.677468189,0.03330456,3.472529988
XACT,2.205594635,0.033315109,200.9375506
Metazoa_SRP,3.630863072,0.033315689,2.623611706
,1.81798896,0.033320724,24.79326743
LANCL1-AS1,1.202793213,0.033324562,19.41571529
FAM120A,-1.154481633,0.033370826,10534.26315
RBFADN,1.720742261,0.033370826,160.9180592
HSPA12B,-1.461218296,0.033370826,845.7500319
HNRNPA1P44,2.659854469,0.033405964,5.214037781
,-2.154461116,0.033405964,19.42434878
STK16,-1.317396574,0.033409964,1393.821603
,5.5225032,0.033416914,4.090418694
SLC1A3,2.505569923,0.033422476,627.6017725
PHF21B,-2.905011402,0.033471309,87.96212888
,1.66145388,0.03348891,33.50762507
,2.863918445,0.033489684,18.50210424
ZDHHC16,-1.132982994,0.033536188,2402.834225
FAM180A,3.442299224,0.033550167,631.2425144
RN7SL76P,2.241633197,0.033550167,6.468267625
RPS2P32,1.931151657,0.033595243,44.87461598
RPL7AP9,2.431408131,0.033659349,18.86151043
,4.584300521,0.033664158,13.83920609
RPL21P72,2.373719369,0.033666553,67.64621958
MCFD2,-1.217969065,0.0336977,2084.559531
,4.784997742,0.033748276,5.614580326
CERS3,2.391257531,0.033748276,61.0270452
DGCR5,2.154734626,0.033748276,310.7581805
AKR7A2,-1.472036206,0.033767136,1935.127235
RN7SL452P,1.923190212,0.033777647,17.08753297
MBNL1-AS1,1.417860931,0.033800214,151.3148592
IATPR,3.669179541,0.033814541,7.358633586
,-1.925824592,0.03382119,31.07787983
LINC02343,-3.127601341,0.03382119,81.06487137
,1.245032574,0.03382119,70.41642097
,4.786307511,0.033830435,3.770805482
,1.457722087,0.033837293,46.95333756
MIDEAS,-1.324560971,0.033851843,4530.98814
LINC02958,-2.307576514,0.033891198,9.753253378
STXBP6,3.014078086,0.033945852,82.10046033
KIAA1755,2.761241232,0.033949297,2650.790592
KRT8P18,-2.176041543,0.033968282,17.10158151
JRKL,1.138948521,0.033968282,473.9225743
SLC61A1,-1.35109828,0.033968282,1645.936495
KCNA1,-3.1661897,0.033968282,14.86892328
MFSD6,-1.520041867,0.033989926,2361.060333
INSL3,2.573017419,0.033989926,44.66716299
DAPK1-IT1,2.309488106,0.034015545,35.20698204
TGFB2-AS1,3.371207863,0.03403108,44.87206989
IGIP,-1.136537724,0.03403108,474.1295715
NRSN2,-1.339567471,0.034033585,4025.066632
MOB4P2,-2.323451582,0.03403649,7.724953101
PELI2,-1.326392974,0.034060907,252.5529079
,1.638115543,0.034060907,96.88716986
,-4.115276246,0.034075251,9.534530033
GTF2IP7,-2.373176967,0.034101686,166.0783929
,2.042418956,0.034101686,12.77061723
ZNF300P1,3.231279184,0.034156903,166.984524
NA,1.507201785,0.03417939,26.73494266
,2.853410097,0.034253902,47.03925211
RPS3AP30,4.854889941,0.034253948,3.8762693
RPS16P9,4.2881742,0.034253948,2.652663904
,1.71217622,0.034253948,153.3005595
STAM2,-1.150084115,0.034255769,1292.229072
RHEX,3.874812658,0.03428171,385.1531963
,1.608369835,0.034286765,16.44822858
,1.636454193,0.034293582,49.81646157
CDC42-AS1,1.12954402,0.034317575,59.60872476
LINC02094,5.723691301,0.034317575,4.742491317
LINC00602,3.770839415,0.034346385,8.758642041
H2AZP2,4.726670115,0.034386682,3.688560309
RRN3P2,1.891804483,0.034386682,10.44342041
C1orf167,-3.15251837,0.034407294,61.90481736
OSTN,3.285764033,0.03441218,5.180072953
MYOCOS,2.395391904,0.034452835,9.384091561
LINC01825,3.850219085,0.034488108,6.781956511
ANXA6,-1.768119601,0.034488108,13804.67236
LINC01619,2.155361819,0.034493733,37.7237113
LINC00645,4.805324351,0.034493733,2.496572019
MIR5687,3.070908801,0.034496245,6.426029069
,2.182251753,0.034499244,8.591229505
NR1D2,-1.217274967,0.034502281,1488.935937
,8.694877816,0.034517906,36.92032325
,3.031213616,0.034517906,5.591236536
ACSF2,-1.808144213,0.034545416,3298.330401
,1.522586691,0.034549442,24.32112738
ANP32E,1.669917424,0.034588483,4285.668125
,2.349753681,0.034588483,173.067853
HNRNPA1P16,1.571779072,0.034588483,92.13919552
LINC01671,2.788632025,0.034588483,68.74528874
RNA5SP68,2.577421374,0.034592113,5.833000766
,5.050929159,0.034592113,4.521354167
SEMA3B-AS1,-1.620402986,0.034655112,84.36964755
TADA2B,-1.485697902,0.034655112,2369.168114
LDLRAP1,-1.513572372,0.0346552,3790.924135
,1.178311452,0.034737494,107.9869941
TMPRSS6,-2.69392008,0.034737494,496.8024522
ATP5MGP1,1.894837924,0.034757834,7.987591946
ALDOAP2,-2.441125871,0.034804552,7.580879415
PATE3,2.755602992,0.034822791,11.49525905
NA,3.072605211,0.034886986,6.050274457
MEI1,2.121783119,0.034892182,213.2323991
,3.81388315,0.034894687,8.187883575
CEP170B,-1.031536254,0.034901386,12610.71463
,2.026540571,0.03499745,30.30989198
THSD4-AS1,-2.95643933,0.035000293,87.94050421
GORAB,1.075399665,0.035020853,871.8306384
NPAS4,2.371585593,0.035020853,25.39835385
FOXP4-AS1,2.358296063,0.035022126,68.75582976
MEAK7,1.373603821,0.035022126,1935.612973
LINC02697,5.542409279,0.035057927,4.163411334
,3.119226528,0.035086625,5.562472414
MIR4454,-4.212440085,0.035094369,2.658718438
MIR4648,-2.775766208,0.03513306,5.90921508
,3.642903481,0.03513306,21.0395907
NA,1.881440082,0.035154381,27.20371114
CLDN16,3.056257733,0.035164014,27.19997863
RN7SL127P,1.734952465,0.03517214,11.99934624
GOLM2,-1.406637542,0.03517214,3870.638419
CCDC78,-1.72947719,0.035174514,2589.227614
LCTL,1.625316353,0.035230004,27.74563625
,1.355233759,0.035230004,52.57176974
SLC27A6,2.007728152,0.035231126,131.0491881
ALDH18A1,-1.236277043,0.035243892,4035.353276
GSE1,-1.181759146,0.035247104,8434.789447
ZNF849P,2.038444557,0.035247104,10.04555805
,2.053371361,0.035284965,33.36619922
,2.982974303,0.035289768,4.15215147
,3.905555687,0.035289768,4.391119172
IGHV3-73,3.611527938,0.035289768,276.9170498
SCAF1,-1.22613972,0.035289768,14692.47758
NA,4.111538492,0.035317692,2.322137038
LGALS7B,2.759982391,0.035317692,19.0495188
,1.949291863,0.035319692,23.18118077
TIGD1,1.223143073,0.035332891,397.0584894
,-1.881562275,0.035332891,17.91093354
,2.047489984,0.035332999,11.48838758
,1.848545859,0.035332999,14.91112569
NA,2.662074469,0.035332999,10.04536859
EFNA5,1.824718939,0.035346435,1587.184141
SLC16A6P1,1.717723219,0.035367718,48.94327475
SPATA3,4.922080641,0.03536795,6.226372241
,4.754589796,0.03536795,5.561121599
SMPD3,-2.061179873,0.03536795,365.1844908
TWSG1,-1.431543915,0.035382631,1883.84733
C2orf81,-1.672254541,0.035386263,83.67105164
,4.7734175,0.035419791,2.473455229
,1.566197403,0.035419791,133.7450182
ASB13,-1.577282096,0.035419791,3181.547589
TOP3BP1,2.329565355,0.035419791,6.3638812
RNF123,-1.063764457,0.035428001,2394.241583
NA,2.024657418,0.035428001,93.91528495
SURF4,-1.182897775,0.03544427,8352.573914
LRRC46,-1.210628933,0.03544427,280.3852433
MTATP8P1,1.960039922,0.035446506,319.2476554
NA,2.96265406,0.035450329,17.21773569
SLC10A5,2.023138235,0.035484293,31.23958711
CEP170P1,1.676682269,0.03549756,40.78352315
,2.823562325,0.035505652,6.630616526
,2.163471408,0.035505652,23.51854989
SUFU,-1.150153047,0.035548842,1643.833107
PIGO,-1.344522408,0.035567859,2837.551944
,-2.108446217,0.03557782,9.860623909
RRN3P4,3.196652213,0.035591044,10.57230229
SPTY2D1,-1.151367469,0.035606554,1096.294065
ORM1,3.153892558,0.035619873,14.13382025
INPP5A,-1.087870326,0.035619873,662.427877
SLFN13,2.460257026,0.035619873,2076.055095
CTBP2P7,2.35376525,0.03565023,151.5635489
S100A1,2.526689243,0.035702381,1322.943469
NRCAM,-2.502483811,0.035724104,317.3724671
LARGE2,1.873096998,0.035724104,6388.509589
NEDD4L,-1.690918294,0.035724104,4018.545547
,2.340110376,0.035736905,18.27067051
,3.09801966,0.03577161,3.712967336
,1.292996592,0.035811973,24.89837305
,1.775387232,0.035816507,28.7818678
PIGV,-1.187416654,0.035822121,986.7372757
,2.055408823,0.035822121,10.79605943
RNU1-129P,-3.602328299,0.035837094,3.780841422
CENPE,2.004917712,0.035872442,5482.594665
REPIN1,-1.271889087,0.035898604,13994.8166
PHACTR3,2.101963147,0.035931114,64.7975885
HBP1,-1.108407717,0.035967394,1422.678059
,1.54983612,0.035972501,88.83212757
RNU2-42P,-3.55537227,0.036024757,2.55756584
PWRN1,2.569148103,0.036028515,5.9841666
LYNX1-SLURP2,2.756701297,0.036028637,17.87067215
,1.625853949,0.036035799,12.89883299
PLCB1-IT1,4.604758295,0.036068555,7.002380404
,-1.623512203,0.036079836,25.34412467
,-3.491495331,0.036079836,3546.179972
CEP250-AS1,1.584602612,0.036206868,25.37396532
ITPKB-AS1,2.947076565,0.036236418,6.900662957
MORN3,1.957282111,0.036249115,697.1627737
PPP1R14BP3,1.430500364,0.036256673,739.6018425
AGPAT2,-1.325160147,0.036256673,4728.835786
UNKL-AS1,2.064599006,0.036256673,8.893748144
NPM1P40,2.680139443,0.036322787,9.676631516
,1.37210902,0.036343635,86.50145058
,1.629828796,0.036390315,13.92557683
CYP39A1,1.885322533,0.036398499,105.9236718
ATAD1,-1.080006361,0.036398499,1720.621638
,1.978794703,0.036398499,15.28049401
MINAR2,4.137308637,0.03639927,5.102118742
NPIPA7,1.446743626,0.036406242,125.0959684
FCGRT,-1.255090186,0.036406242,7758.69409
ABHD17AP4,3.375879665,0.036406242,13.07524597
,1.483341261,0.036410743,10.66623157
CA12,-3.572402084,0.036415858,14681.10609
SLC39A6,-2.785644035,0.036415858,18409.15698
,5.219204547,0.036445847,7.504437927
,2.13427664,0.036471282,9.351795154
,-1.754064411,0.036477845,43.28742541
,1.117050002,0.036477845,44.84896196
,4.061787184,0.036477845,27.50396209
LINC01785,4.880564529,0.036477845,4.001433169
SNX33,-1.319379524,0.036495348,3244.208084
C2orf15,-1.354243874,0.036502637,254.2693193
,1.149917824,0.036502637,94.58851649
BLVRB,-1.218686092,0.036502637,2386.331643
FBXW4P1,1.41837175,0.036512706,170.4329442
DAG1,-1.137742082,0.036523779,6080.606847
RNU6-1025P,1.679528378,0.036555397,9.169345531
MRTFB,-1.386434412,0.036555397,3686.55787
,2.571958309,0.036561382,5.236237266
IGKV1D-13,3.86566325,0.036590015,56.80362353
,2.594531409,0.036620413,17.92630536
PNRC2P1,-1.6346857,0.036633977,14.47185099
RPL31P26,3.135402203,0.036633977,3.870879692
RPL21P65,1.811937823,0.036633977,17.0098004
,1.555594932,0.036633977,17.3325939
MSRB1P1,5.327517431,0.036643434,3.623333881
RNF39,-2.011761869,0.036644224,652.8540951
GTF2IP4,-1.478340107,0.03674991,228.5997965
SRXN1,-1.799762488,0.03679232,26.91595711
FABP7P1,3.144194732,0.036808433,23.28543999
,1.309622294,0.036832314,442.1382039
BBS12,-1.593363534,0.036833641,207.427094
CPEB3,-1.278004736,0.03684571,485.0168091
,1.762535689,0.036846023,72.41220536
CARD10,-1.665240657,0.036846023,2701.046521
,4.629370021,0.036900816,5.072279332
,1.298993455,0.03690646,43.86227461
,1.94558565,0.036972632,32.22288219
,3.576892505,0.037036181,18.14270544
ZNF91,-1.480863509,0.037100496,6445.537938
HMGB3P4,1.779913765,0.037103485,28.00929136
SORCS3,3.049383503,0.03712077,22.78711827
CPM,1.938239639,0.03712077,2160.147712
UBE2FP2,5.088991165,0.03712077,6.94317559
PDXDC1,-1.183186441,0.03712077,9827.119754
RN7SL817P,3.762121228,0.037174051,4.383373678
,-2.868031209,0.037196669,38.6674364
ADA,1.046629787,0.037196669,680.1806788
,5.303607901,0.037219757,8.038344277
RNF122,1.372990905,0.037219757,627.9657311
FIBCD1,-2.95734813,0.037219757,118.9386442
NKX2-1,4.840259308,0.037224355,5.924602814
ZSWIM5,-2.209914559,0.03725227,408.384987
STEAP1B,2.395562938,0.037253523,20.34677014
,2.21849394,0.037253523,6.594295071
,1.80455593,0.037253523,37.90784844
TNFSF13,-1.803708059,0.037253523,481.3908519
,1.067678813,0.037253523,55.79886845
,1.87694193,0.037283004,12.53274126
RBM12B-DT,3.53221104,0.037299319,2.480506748
,4.813385079,0.037299319,2.522708632
,5.403860533,0.037317903,3.799064165
SUB1P4,1.399543948,0.037318456,26.33070524
,3.324275262,0.037321733,5.185478082
RERG,-2.319687955,0.037321733,2178.832217
,1.399292652,0.03740293,68.92325626
B3GALT4,-1.543460662,0.03740293,974.6825644
,3.469557148,0.03742084,25.06988708
NA,2.646788574,0.03742084,8.861411399
CYP2A6,-2.363879922,0.03742084,260.7561949
,5.680552272,0.037424459,4.60833415
SERPINI1,-1.864704664,0.037424459,288.4109763
PGAM1P10,3.583851834,0.037424459,90.00680472
,2.335244509,0.037424459,22.755096
,2.094154208,0.037424459,9.160280471
HMGB1P1,1.697679278,0.037438361,71.81443766
ALDH4A1,-1.542584102,0.0374869,2829.543944
SLC25A6P5,2.955673478,0.037493897,4.148702971
LINC00706,4.392094986,0.037516319,2.879423007
LINC02988,2.35841194,0.037517323,17.07806789
LIN28B-AS1,3.462499976,0.037517323,4.566179475
DNAJC1,-1.410461463,0.037517323,4658.93388
NA,-1.447401649,0.037517323,1058.911219
GAL3ST1,2.250692496,0.037517323,77.65702541
C4BPB,3.202086408,0.037561657,66.74634735
APOF,-3.298005938,0.037563699,6.321113555
,3.531514607,0.037598016,13.14821889
MAPT,-2.803754926,0.037598016,11730.76159
NRAV,-1.173402483,0.037634428,1361.235066
,2.612500763,0.037690387,13.01410534
TMEM30CP,3.642269815,0.037694201,2.627696947
RN7SL541P,-3.923395514,0.037694201,4.644648267
,2.257426243,0.03773159,9.876985734
LACRT,4.38196558,0.037751113,4.379134702
,5.262778659,0.037847136,5.255924558
IFITM1,-2.081274739,0.037847136,5742.646023
MANSC1,-1.328783627,0.037847136,1473.030859
,2.389098385,0.037888865,7.631568985
,1.846713917,0.037894544,11.8988286
,3.823418552,0.037894544,2.998467155
,3.165673926,0.037932718,4.737378494
THBS1-AS1,-2.306938629,0.037990642,18.10961332
KIAA2013,-1.047714103,0.038015513,6543.413531
PLEKHB2,-1.341642356,0.038061777,3520.001948
,-1.816578833,0.038061777,256.3431283
,1.622943492,0.038061777,19.5281635
CISD3,-1.48977662,0.038061777,800.4212026
AGTRAP,-1.392358789,0.038105732,3312.708955
MIR4280HG,2.567053455,0.038119721,10.33347371
,1.480856893,0.038136199,24.1491978
,1.841986566,0.038154019,161.0083548
,3.362028681,0.038164386,4.310834202
VPS18,-1.303977356,0.038173926,2389.81946
SGPL1,-1.4475268,0.038209115,4049.590214
ZFYVE21,-1.061910062,0.038221962,1536.224496
IL36RN,3.602194775,0.038222802,5.216852387
CLTRN,1.453492754,0.038231533,48.69468036
INSYN2A,-2.225249833,0.038296522,648.8971965
,4.704768619,0.038296522,5.405815983
PPP2R1A,-1.287966323,0.038296522,18652.35616
LINC00402,3.36469361,0.03829934,18.97191736
IQCC-AS1,-1.268667379,0.038318552,40.23305169
,1.622781299,0.038318552,32.58240015
LINC01140,2.068868022,0.038324104,101.1407997
MT-ATP6,1.335808602,0.038354014,472831.6849
SLC60A2-DT,4.764534243,0.038362599,2.387928478
CCT7P1,2.993520723,0.038362599,128.5337217
,-1.327263002,0.038362599,40.42753692
DEFB134,5.542487783,0.038381242,4.121575666
SALL4P1,5.562312382,0.038403929,4.241373429
,1.449511038,0.038441731,66.97968337
OSCP1,-1.408413089,0.038464003,531.7389242
MIR648,2.300058406,0.038464976,6.345884057
,3.756225805,0.038472657,2.831387069
PDE4A,-2.127841505,0.038510354,1753.979231
PCDHB17P,2.920164982,0.038579182,52.03954961
TTPA,2.189010634,0.038579182,61.73805839
,2.513108941,0.038579182,16.03614482
FMNL1-AS1,1.310534428,0.038579182,148.652925
HEY2,2.318449976,0.038581545,491.844524
,1.00962341,0.038596586,1111.599463
U3,-1.67819559,0.038596586,18.05934236
,1.515831514,0.038608426,14.59385775
NA,1.175315142,0.038659805,107.8594555
ARL8B,-1.194183234,0.038697315,2752.600871
ZNF219,-1.300346385,0.038714196,3947.722253
NA,2.264776736,0.038803619,34.44263071
CARNMT1-AS1,1.380807136,0.038823669,14.57267752
,4.301581617,0.038846835,2.671498823
,5.000446385,0.038880527,4.374355922
TNFAIP1,-1.081704752,0.038880527,2486.136125
MFN2,-1.069011769,0.03892779,6042.006048
KAZN-AS1,-2.719691406,0.038943887,144.4502994
CMC2,1.320777892,0.038954206,485.0094812
NUP50-DT,1.477166313,0.038985792,393.0098034
TWF1,-1.261270673,0.038997824,1389.420626
MIR5697,2.303119344,0.039029555,6.150578237
CCT4P2,2.074389752,0.039029555,26.43002918
LINC01684,1.840314489,0.039029555,52.99719999
,3.10206284,0.039042273,5.79124919
SYT15,1.165581019,0.039070903,140.9707066
ASS1P1,2.589230532,0.039111196,51.06815247
RMDN3,-1.026752437,0.039123849,1888.264076
,1.454217189,0.039149511,121.5508781
,1.411820161,0.039181188,18.70885174
NA,2.385122465,0.039181188,6.651657496
LINC00958,3.325053556,0.039181188,393.721474
ERVV-1,2.821232922,0.039181188,48.18813356
,1.381818439,0.039207582,69.58851442
CHRM1,3.302485192,0.039207582,498.7806174
CYBRD1,-2.272605869,0.039253678,8678.86268
H2BC9,-2.803537353,0.039253678,131.7806789
,1.792083929,0.039253678,40.34466937
,-1.779226464,0.039268465,26.01413042
,1.247349682,0.039268465,83.77783665
NGF,1.827224213,0.039340239,77.05617415
,2.010159811,0.039406665,19.776233
ELMOD2,-1.100745418,0.039406665,968.9590177
,1.836423255,0.039406665,55.15976513
,-1.450353027,0.039406665,298.5286881
,2.360995714,0.039406665,140.7036323
TOB1,-1.323208221,0.039406665,3092.71628
SHISA2,-3.001492583,0.039456355,1020.060001
SULT1A3,1.952048145,0.039456355,25.41834361
ARHGAP15,2.024276965,0.039475192,278.5399144
GLYR1P1,1.334594958,0.039487406,173.9790482
EPB41L4A-DT,-1.467626962,0.039518904,79.81338733
KCTD3,-1.568408648,0.039575796,6425.585551
,4.593327524,0.039575796,2.16584199
TRPS1-AS1,1.6626154,0.039575796,41.8435643
,1.202285571,0.039587176,78.12381792
WDTC1,-1.410020781,0.039637223,9346.777563
RAB11A,-1.321065719,0.039637223,4808.871381
TMEM115,-1.264414497,0.039655086,2337.428403
PDE9A-AS1,2.546162799,0.039655086,37.40900744
RNU4-40P,1.618128057,0.039708839,10.33676849
,1.393679006,0.039709376,17.10121469
,1.572097838,0.039802325,40.56702587
COPZ1,-1.430134949,0.039818944,5071.490972
LINC00887,2.05787559,0.039869506,33.01202311
PCK2,-1.238758317,0.039869506,2098.113421
,1.347815661,0.039949481,880.3408322
IGHEP1,4.65761035,0.039949481,3.455420874
OR7E101P,5.075579193,0.039950983,3.037664863
,1.513192149,0.039954166,28.43264014
RIPPLY2,6.803454867,0.039954166,14.9321789
BCL2,-2.27000208,0.039954166,3500.802093
DEDD2,-1.282309801,0.039962158,2710.181777
RN7SL180P,1.48061354,0.039973769,39.8959592
OSBPL7,-1.278098982,0.040040489,2282.291131
Y_RNA,1.799971304,0.040060238,20.26303812
TSPAN33,1.523365162,0.040148115,1020.765068
TMEM63C,-2.277493256,0.040287611,2591.362623
,1.738101903,0.040287611,10.16444101
NA,3.27013056,0.040293266,17.05939229
ATE1,-1.093886226,0.040295282,1095.35931
TSGA10IP,3.140021529,0.040296383,17.78679353
ARHGEF35-AS1,1.140388245,0.040366536,165.5116667
ARMCX2,-1.239469874,0.040376148,2366.541124
RN7SL211P,5.648006475,0.040384097,4.475947557
,2.968918632,0.040387218,22.5637668
,3.488823635,0.04050309,6.574101749
,4.231661827,0.040505477,15.20383828
,3.110279933,0.040592666,9.660213092
HR,3.03824473,0.040628752,6753.215622
RNU6ATAC39P,1.968158343,0.040628752,15.4245251
NBL1,-1.557352335,0.040637408,10169.9729
GNB1,-1.160917056,0.040658396,13819.44677
,2.428531731,0.04067617,7.365858742
GRK2,-1.712288104,0.040686644,24041.34042
RNF32-DT,1.484767909,0.040736807,646.4097115
LRIG1,-2.03757409,0.040759484,1656.508733
IGSF22-AS1,-1.839442222,0.040781974,18.13226856
,-2.999155349,0.040784455,24.21496301
AHCYL1,-1.108400747,0.040800208,6847.872533
SEPTIN7P13,1.136282876,0.040800208,489.9015624
TUFM,-1.057981839,0.040800208,8622.184768
DRC10,-1.557212036,0.040814015,217.2508467
LINC02492,3.762050009,0.040854896,5.624842392
DNAJB2,-1.230556892,0.040895103,6353.551421
,1.220391128,0.040923786,43.21161647
GLIS2,-1.853493679,0.040923786,4644.770672
OR5AN1,3.071013517,0.040942463,4.361124929
UBE2SP2,1.571745511,0.040942463,26.75047158
COPDA1,4.230184583,0.040942923,18.50826825
MT-ND4,1.32752274,0.040952621,1730094.867
MTND4LP1,1.607168011,0.040986541,10.35571016
HNRNPF,-1.171538027,0.040990531,8288.619308
,1.072078422,0.040993717,92.3684359
TAPBP,-1.314307816,0.041011041,7991.245263
EHD2,-1.572064214,0.041018544,6542.743625
Y_RNA,1.464699291,0.041021101,25.70848343
CATSPERQ,2.123692137,0.041049123,49.1692855
HES7,-2.032708512,0.041050862,36.40837323
NKTR,1.037227153,0.041076088,22993.33522
ANKRD44-IT1,1.679450807,0.041093579,48.02522737
CAHM,2.051333892,0.041093579,100.9151706
LPAL2,2.264623763,0.041093579,56.53423845
ERC2,2.337824147,0.04111822,200.8867312
DSG2-AS1,1.775137008,0.04111822,32.68924087
MGC27382,5.63485073,0.041168421,4.431205395
GJC3,-1.714778168,0.041168421,375.5367094
,1.749780986,0.041168421,15.81451499
ANO6,-1.405472801,0.041168421,1879.462603
,1.336254618,0.041168421,40.46409907
LINC02159,4.571061281,0.041173936,4.850093878
EEF1A1P39,3.440294497,0.041251592,3.417156303
UNC93B2,-3.64704498,0.04128904,30.31831003
MIR3188,-1.717416325,0.04128904,8.149760367
INSIG2,-1.389566342,0.041298717,1075.612668
SLEAR,2.844449783,0.041337989,5.821119763
RPH3A,2.278831133,0.041343665,11.27387934
PDCD6IPP2,1.340616793,0.041343665,33.55347485
POLR2A,-1.34657024,0.041343665,14103.23359
NA,2.505889496,0.041358542,6.300728153
RUSC1-AS1,1.114438929,0.041375439,1256.809135
H3C6,-2.080238473,0.041375439,450.9476571
,2.528903585,0.041418644,46.84427374
RNU6-1256P,3.533201057,0.041422532,3.569064847
SERPINA5,-3.250976549,0.041432007,1516.082077
H2AC19,-1.684231281,0.041442513,29.2923931
GRIK4,-2.541904407,0.04147487,194.6832777
,4.31210655,0.041513398,6.410069058
FAM107A,2.738835119,0.041570654,1387.387435
,4.290418986,0.041591115,4.042541017
LINC02156,4.380597015,0.041594435,7.657316491
TMEM250,-1.243521023,0.041601151,3022.068139
ANKRD36BP2,2.760121375,0.041631156,621.1896498
,1.773518274,0.04164335,38.34558226
LINC01554,2.522123795,0.04164335,49.24284167
UCMA,4.304557026,0.041649288,2.776139055
KRT17P1,3.323827808,0.041655329,19.40979568
,3.380416988,0.04168215,6.926025808
ANO7L1,-1.346557126,0.041691784,160.4821411
RPS19P3,1.359622055,0.041742613,76.27580042
MMP28,-1.673051084,0.041754779,300.7383404
TAS2R4,1.140949914,0.041758667,119.7239539
RN7SL444P,1.132508394,0.041780798,20.49105675
,2.223858264,0.041826454,13.6761831
RIPOR2,2.638428327,0.041840738,716.0511258
ALDOA,-1.236452095,0.041876629,974.8715105
ISYNA1,-1.158127685,0.041876629,11097.84081
FBLN7,-1.774790329,0.041886823,748.0184003
CXCR1,-3.733897888,0.041886823,11.47204843
TNFRSF14-AS1,-2.034522953,0.041920714,1182.112492
PLSCR2,1.988366683,0.041957459,29.6978895
P2RX2,2.979617373,0.041958909,137.8955988
ADK-AS1,1.214948719,0.042003703,29.02149209
JPT2,-1.385462752,0.042017035,5899.233023
ACCSLP1,3.77386633,0.042087899,8.558247269
GRPEL1P1,1.329510299,0.042150933,49.40715574
CD81,-1.1651827,0.042153793,17533.45215
NUDT16,-1.231199882,0.042172904,2025.95047
,2.716296292,0.042172904,37.38895601
,-4.547119114,0.042172904,2.152625849
,-1.104465102,0.042172904,780.4710252
RN7SL364P,1.71617095,0.042172904,38.016097
IRAG2,2.382337472,0.042178462,396.7717756
MIR3713,2.464144727,0.042178462,3.84861645
C2CD4D,1.978323181,0.042217908,474.6256108
CLEC14A,-1.624659265,0.042235563,844.0192586
EFL1P1,2.684684173,0.042272798,18.07958054
SH3TC2-DT,1.687167004,0.042274602,19.47190866
CD109-AS1,2.410405867,0.042278266,42.39360093
SPRY3,1.415127854,0.042278266,264.8241492
,1.849086956,0.04228448,27.35515211
PLAC8L1,2.003240901,0.04228448,45.30213887
MVB12B,-1.38961049,0.04228448,1039.687106
,1.298355107,0.04228448,59.99956867
DUSP5P2,6.989666089,0.04233816,17.00233245
APBA1,2.274307817,0.042345069,731.4223034
YPEL1,1.282440748,0.042352795,358.6290658
CHMP4B,-1.059957301,0.042393151,5321.509371
,2.196931015,0.042393151,40.37341344
KLF5,1.657867125,0.042429219,1290.06978
GEMIN8P3,5.694820368,0.042522839,4.599579625
NDUFB4P11,2.951146365,0.042522839,24.42065588
MT-ND5,1.455678231,0.042601771,685169.8726
INTS10,1.224316164,0.042654428,2667.454538
COLEC12,-2.076230084,0.042664309,731.8545461
PTPN11BP,-1.333895838,0.042665302,622.5594862
,2.232283346,0.04268674,50.37697968
PHACTR1,1.428447465,0.042687576,981.1927629
,2.794941956,0.042721771,4.535641446
CYLD-AS1,2.319686767,0.042726557,27.43077094
B3GALNT2,1.362324975,0.042738276,1666.16891
RAB17-DT,-1.751693241,0.042738276,87.85018428
SMAP1,1.10789416,0.042738276,954.5515968
LINC03076,1.439237755,0.042754233,19.67912436
RNA5SP282,1.55629956,0.042754233,13.90862855
MYPN,-2.107386196,0.042754233,18.78516619
PALM,-1.996238536,0.042754233,4523.886065
ZNF730,2.225578968,0.042757523,88.60436764
GLRX5,-1.379469643,0.042815452,1329.390928
FBXL5,-1.372544241,0.042817279,2679.179862
,-1.11220294,0.042817279,361.8495347
,-2.135696187,0.042817279,114.5513284
RAB6C,-2.208059498,0.042821758,69.28079102
,3.078375418,0.042821758,9.999818316
GRK5-AS1,2.439052424,0.042831716,10.97775116
TMEM135,-1.278778524,0.042832618,909.5680435
PRDM13,5.370192927,0.042878718,3.659656357
RASSF4,1.468526543,0.042878718,2511.08213
BCAS3,-1.054315625,0.042878718,1406.621434
L3MBTL2-AS1,1.408223555,0.042878718,134.4860314
TNN,-2.670716078,0.042898477,581.9798392
,2.4676035,0.042898477,6.90040278
RAB39A,2.170920576,0.042911646,8.811237867
SFMBT2,1.485344512,0.042923658,1279.921617
,-1.401694833,0.042923658,46.32914623
SERPINB4,4.088473354,0.042923658,2.374685112
,3.062119704,0.042923658,25.5063812
SUSD2,-1.769472216,0.042923658,2225.70797
SULT1C2,1.838063048,0.043014016,48.3847418
,1.382864537,0.043014016,51.9092329
EGR3-AS1,-3.267736544,0.043014016,311.012149
,3.552423765,0.043058732,7.397559752
PHIP,1.047792064,0.043143867,17890.48205
CRYBB2P1,1.085685434,0.043143867,763.5803402
LINC02649,-2.037319023,0.04318787,116.138978
,-2.64494082,0.043244386,16.26130906
,4.455121155,0.043244386,1.948669533
,1.498164096,0.043244386,41.70456218
SLC7A4,-3.115814841,0.043244386,96.75636785
BTG3,1.838656939,0.043244386,1026.777668
,2.636574344,0.043263656,11.61291463
ZNF26,1.247019226,0.043301978,2189.266419
SCAMP2,-1.372461826,0.043301978,4690.204174
Y_RNA,2.00023564,0.043334606,25.97362129
,1.483911034,0.043334606,32.03706846
PXDC1,1.701522934,0.04337993,1807.412241
KHDRBS3,2.079580566,0.04337993,731.9123599
SCG3,2.731546,0.04337993,8.266312928
DSP-AS1,1.882591639,0.043415562,78.49173193
,-1.258327016,0.043415562,103.7255785
BEAN1,-1.356550876,0.043418686,184.3757855
CMIP,-1.121214096,0.043437787,4382.958263
CKLF,1.226164823,0.043438411,57.16505072
CCDC88B,1.843725418,0.043493474,3185.0421
LEISA1,-1.906733294,0.043510847,52.55733562
RPL32P21,4.994841079,0.043529594,6.553712282
SNORA80E,1.453526769,0.043536494,18.44397196
KRT222,-3.376798274,0.043542049,21.58154956
ZCCHC24,-1.393367021,0.043578481,1629.351933
FGFR3P4,-4.595612752,0.043578666,5.261302732
DNMBP,-2.03174461,0.043579421,1545.362646
KLHL2P1,1.758632024,0.043589099,11.21885938
RAET1L,3.016171322,0.043592897,12.23486048
,4.533118554,0.043607042,9.456620161
,3.223218772,0.043607042,9.6897327
NA,-3.562457179,0.043628404,19.96408368
,-2.01538629,0.043628404,19.83733171
,4.287352012,0.043683078,4.018548535
RPL23P4,3.723927799,0.043696895,8.045953773
XYLT2,-1.197866676,0.043819166,4946.824134
,-1.68838875,0.043861975,76.39276686
FIRRE,2.151908454,0.043900413,951.5594154
LINC02228,4.275187402,0.043901699,2.728819809
ASB12,1.754442819,0.043907052,22.92009798
MREG,-1.774096542,0.043909598,1008.060225
USP2-AS1,2.043561149,0.04393999,57.9703761
OBSCN-AS1,2.029080374,0.044090025,251.0816371
DPCD,-1.013002101,0.044090025,520.9742226
FBXL8,-1.558466741,0.044090025,1398.516116
RAD52,1.379887304,0.044184413,1209.326293
LINC01303,1.602245928,0.044212352,17.93361711
KIF21B,1.929875638,0.044220262,812.0634527
RPS21-DT,1.197504104,0.044220262,153.1669683
PLEK,2.160157677,0.044228217,720.8738013
,3.904527223,0.044228494,4.37748315
RN7SL220P,1.118032394,0.04425802,100.0215754
CAPS,1.386584088,0.04425802,3625.199367
A1CF,1.798163419,0.044269011,16.53045219
SHISAL2A,2.39026294,0.044280525,100.4198831
RBP3,3.044629337,0.044280525,4.907806082
,2.533225516,0.044292195,14.71169043
,5.013494549,0.044292195,2.923073585
ABCC2,2.120903648,0.044331809,225.1013777
RN7SL297P,3.722015789,0.044354667,2.899575534
,2.094148744,0.044388038,112.8340506
,5.556263758,0.044388038,4.203634558
MICAL3,1.317224534,0.044388038,1569.912838
BLOC1S5,-1.11421151,0.044455732,409.9715252
CD53,2.246498752,0.044468858,1334.76278
NUF2,2.437543899,0.044468858,1163.348264
,1.583677823,0.044483385,22.16212894
,4.996813322,0.044493873,4.333192345
SLIT3-AS2,-2.410710461,0.044493873,146.4667123
LPL,2.898254753,0.044526694,2134.607893
,1.180075584,0.044526694,54.16102407
Y_RNA,1.252377257,0.044534823,54.5017944
CASC2,-1.676198137,0.044534823,182.2593368
GZMB,2.031538004,0.044534823,73.10580995
HERC2P8,2.81924506,0.044534823,9.447442758
COPS4,-1.34845984,0.044542887,814.0337716
SLC7A10,3.386724539,0.044542887,401.0675918
LINC02832,2.571449951,0.044552603,7.718522741
LINC03140,2.891717628,0.044552603,6.57597862
GLIPR2,1.929956305,0.044552603,1027.891218
ZNF747,-1.329440332,0.044552603,755.7166481
DNAJB9,-1.285018405,0.044581838,621.319553
CSPP1,1.317274469,0.044581838,6643.076133
SLC39A9,-1.466164868,0.044600598,2673.731922
FOXI2,-1.598255069,0.044612996,9.73617756
CFB,-2.332330332,0.044613263,1053.72806
DEFB109D,2.069197779,0.044613263,9.941570957
ZNF385C,2.387656677,0.044613263,1153.965623
,1.475876843,0.044613263,66.95874861
GLIS3-AS1,2.231058372,0.044685747,7.335574665
,-3.436480239,0.044703792,22.68642148
SUSD3,-2.530628496,0.044703792,2670.963423
WDR38,-3.371782595,0.044703792,38.0941324
AMBRA1,-1.158522801,0.044703792,2880.551158
RNLS,-1.457266619,0.044750053,209.7070261
INTS9-AS1,1.649026881,0.04476937,30.53809748
OTULINL,-1.599506892,0.044770269,560.7028264
NA,5.516961006,0.044788042,4.07162948
C1orf226,-1.938846808,0.044788042,1596.506825
SNHG31,2.121761301,0.044788042,363.1110441
GOT2P6,1.827559202,0.044788042,92.11635048
IFT22,-1.112180133,0.044818903,944.6728889
NA,1.102276694,0.044883745,1046.749586
LHFPL3,4.53900009,0.044929277,2.08242196
NA,1.950940423,0.044940415,7.32409627
S100A4,2.343399844,0.045032777,1476.953691
RPS12P5,2.426227287,0.045057481,20.75124441
ELOVL5,-2.308870759,0.045062109,11454.24017
RPL35P3,2.320977657,0.045062109,13.78566552
,4.816803825,0.045062109,5.760013028
ZNRF2P2,-1.613737423,0.045062109,39.45796092
YWHAQP7,2.509207313,0.045062109,6.89859787
USP6,1.644786598,0.045062109,249.1876698
TMEM86B,1.128759334,0.045062109,254.8142525
JARID2-AS1,2.276791209,0.045197313,13.66626189
RAB21,-1.061446293,0.045238676,2593.278228
NA,3.560666593,0.045285409,13.6827829
RPL21P70,4.610880237,0.045286083,3.369726939
PLIN3,-1.022687657,0.045286083,3777.266037
ANKFN1,-2.811396237,0.04528659,63.82319707
GAP43,1.747754437,0.045309659,21.93414598
,3.952408233,0.045309659,10.55401186
FMR1-IT1,1.559447827,0.045309659,17.51880969
SNTB1-AS1,2.004185555,0.045309659,19.66526841
CLDN1,2.549533997,0.045330717,1234.94877
,1.34351175,0.045371695,89.78049602
NA,4.106171288,0.045371695,2.406704747
SCUBE1,-3.104707336,0.04539455,698.8374203
CFAP58,1.950451434,0.045416572,89.23118513
NA,2.322311754,0.045416572,46.24489892
Y_RNA,3.733562953,0.045458791,2.910352076
RN7SL130P,2.275874398,0.045459155,21.94800916
TMEM215,-2.654498116,0.045473845,26.24753759
,2.249747855,0.045491416,6.669770079
BTBD9-AS1,1.467348948,0.045528768,119.2460646
ANKRD7,2.559113827,0.045528768,9.986079298
MAPRE1P1,1.841849469,0.045570153,9.171895463
SEMA6B,-1.544443723,0.045570886,1679.145095
,1.875964233,0.045587197,13.31366774
RN7SL833P,2.182115766,0.045596162,13.95292483
AQP6,3.180399035,0.045597799,158.7365843
,1.38102815,0.045641183,40.42071539
,2.414060785,0.045641183,7.283437342
MORN5,-3.497510294,0.045641183,3.866388189
DOCK1,-1.106295451,0.045641183,4446.316566
ANG,-2.011059322,0.045641183,286.0878811
SIGLEC12,2.429793145,0.045641183,19.18013929
HSFX1,-1.461632558,0.045663453,19.01480517
PPP1R3F,-1.637068213,0.045729647,476.8640128
UGT2B4,-7.757341435,0.045737564,29.89497124
PI16,2.909806174,0.04574965,634.1858725
AHNAK2,2.189112769,0.045775688,3997.442141
,5.125046598,0.04578169,4.676495857
HNRNPA1P33,5.094028961,0.045808236,6.940994409
BRPF3,-1.398353679,0.045953685,3054.011315
CT62,-3.128414626,0.046008101,275.4212437
CYSRT1,-1.543552237,0.04608869,239.5712126
TEKTIP1,-1.01534469,0.046104234,668.091307
TFEC,1.786066138,0.046144546,222.4471406
GNS,-1.287675766,0.046181269,4368.272565
LINC01337,2.595026704,0.046201296,11.41365293
HNRNPA1P3,5.269320569,0.046201296,3.438190766
IVNS1ABP,1.071302534,0.046235231,4848.658006
,4.483912632,0.046300502,2.018048382
,1.541776383,0.046319768,36.18766956
MTND4P35,2.528138349,0.046321869,526.4012095
LYG2,1.285655778,0.046342827,55.07125897
MTERF3,1.154383467,0.046348929,942.062742
MPP3,-1.543184646,0.046377471,789.796467
FTH1P24,-1.889107036,0.0463834,6.2763622
PUS1,1.310407473,0.046436166,1853.510059
OTUB2,-1.415069483,0.046475455,143.8879495
LRRC39,1.569195343,0.046523732,144.1680506
,1.430574787,0.046526781,13.26008849
BMI1,-1.302640504,0.046526781,2044.773173
,4.8561755,0.046526781,2.546521853
CDCA2,2.536339806,0.046573295,1048.950949
CACNG4,-2.966038551,0.046573295,2367.05394
AGO2,1.373230636,0.046602532,4023.534784
CDC26,-1.230024635,0.046602532,151.9231135
BORCS7,-1.236475712,0.046602532,862.4779287
,2.32991335,0.046602532,23.94204691
FSTL5,5.038611966,0.04667825,2.910486237
DRG1P1,1.787656348,0.046717552,14.32678822
CRYBA2,3.390177488,0.046724772,25.80019299
NA,3.770648528,0.046724772,3.999770173
LRRC37A6P,2.258157849,0.046724772,212.735853
ZBTB45,-1.018710628,0.04675344,1649.535186
,1.32846701,0.04678219,76.54252613
,2.929843973,0.046822609,6.933492003
,1.601764444,0.046822609,56.79568403
F7,-3.287617264,0.046839224,1207.547689
CDC42EP4,-1.586533034,0.046839224,4118.945127
OR7E158P,3.396737715,0.046841009,3.539965844
,-2.669600454,0.046904832,6.668213252
,1.917612857,0.046906178,166.8687583
GABRA2,-3.298427225,0.046910827,84.77951428
,1.870278191,0.046910827,64.11399564
LRRC61,-1.35727657,0.046987722,967.1553046
SMCO2,2.045161966,0.04700462,18.65488437
GORASP2,-1.089349091,0.047025306,3946.855069
LBR,1.621167849,0.047097935,1218.378323
,2.378250152,0.047112327,21.34755834
USP38,-1.148242327,0.047112327,1092.549224
STEAP2-AS1,-3.567703155,0.047112327,5.499548067
BIRC7,1.776988381,0.047112327,33.19808688
LRRC14B,1.767155897,0.047182161,38.28991333
LINC00392,3.114677499,0.047212838,17.70676193
PPM1N,1.613398203,0.047212838,113.7759639
Y_RNA,-3.141774662,0.0472154,4.353700658
EOLA2-DT,1.420048064,0.047244631,1514.278129
SLAMF1,2.844579483,0.047251483,174.053052
,1.677792579,0.047257282,38.9470101
DSG3,3.249964025,0.047274294,1983.294627
ATP8B1,-1.316508194,0.047274294,2529.487192
ZC3H12D,2.154449759,0.047286099,292.0150305
LNCTAM34A,1.646154064,0.047309717,174.6632294
RNF208,-1.364805012,0.047309717,709.9919475
RASGRP2,2.46893227,0.047309717,1710.836355
IGHV4-34,2.78861558,0.047362472,132.6423731
LINC02243,3.690815514,0.047445259,1.825445735
GBP1P1,1.743149209,0.04747358,163.2115627
,3.510276072,0.04747358,343.9250426
SLC22A5,-1.161758299,0.047554848,1915.458259
PCBP1,-1.231014526,0.047560563,1664.185547
PLEKHO1,1.456405509,0.047621854,2593.56937
ITCH-IT1,1.303815118,0.047621854,30.47812482
LINC02676,-5.515793588,0.047634729,171.7129561
TIGD6,-1.030594226,0.047696035,357.8586537
NIPAL1,1.907207702,0.047729488,184.0909032
,2.845247678,0.047729488,9.637333592
RNU6-920P,2.259168832,0.047729488,5.299913313
PIN1,-1.110009827,0.047729488,2329.35956
FAM107B,-1.855560803,0.047757716,3431.644378
UPK1B,3.200599685,0.047807496,13.63454334
,-2.635372647,0.047822705,4.098251727
,2.864439271,0.047822705,11.68738332
IL1RL1,-2.760766264,0.047853331,43.49615305
TARBP2,-1.076284368,0.047857517,1634.646112
MAP4K1,2.19874381,0.047862139,1254.351885
ZNF600,1.162324868,0.047906453,827.9803975
CES1,-2.548633943,0.04793941,192.4960134
,3.181506704,0.047987705,22.62451545
,2.843865057,0.048000601,6.779804876
UBR5-DT,1.088857586,0.048044251,67.46879209
TMED10P2,-4.10220309,0.048072231,3.876686795
DTX1,1.473984593,0.048099929,696.6918719
DNMT3B,1.57465934,0.048154601,537.0584556
,2.306446994,0.048155567,21.73799688
CCDC126,-1.643471767,0.048186933,439.9259077
ERRFI1-DT,1.538665086,0.048206201,47.07349881
IGLV3-1,3.256644314,0.048286833,1664.27216
TIPINP1,4.951905515,0.048372915,6.347604191
LNC-LBCS,2.681789358,0.048433528,102.8344861
C4BPA,2.037278982,0.048460016,12.63904201
SEC63P2,4.783526064,0.048460016,2.462693194
P3H3,-1.8708099,0.048460016,4473.943456
CBR3-AS1,1.076960686,0.048516577,728.4793289
VIPR1,-1.410579637,0.048540184,1834.167104
WNT4,-2.276189301,0.048570014,1154.77051
DIAPH2,1.314780308,0.048570014,1277.099336
LINC02390,4.432566964,0.048570014,4.492571273
AK3P3,1.329386703,0.048612659,40.04051482
,2.331695311,0.048612659,51.82098968
RPF2P1,3.227631921,0.04862232,3.032472965
PDZD9,2.008438616,0.04862796,7.963603498
TACR1-AS1,1.311678043,0.048646051,100.3633923
,3.839630317,0.048703967,2.975027202
,2.305620558,0.048730468,7.431795293
AGXT2,-2.311672237,0.048785656,13.47392211
RNU6-430P,2.679436822,0.048795585,4.850022637
NA,1.2334566,0.04881347,207.0527718
ATG4D,-1.248641791,0.048830648,2130.025222
TCEA1P3,-3.181937842,0.048858219,17.14864453
LCMT1,-1.261440612,0.048858219,1757.980682
SLC6A16,2.045145923,0.04889967,419.559377
FAM216A,1.332215943,0.048923583,308.4970927
LINC01544,2.375009464,0.048986267,25.08456571
GNAQP1,-3.013839073,0.048992852,32.50490079
MIR429,-1.498553062,0.049032125,255.3541992
PDCL3P1,5.202405179,0.049043182,3.287420874
,1.542754281,0.049084573,16.40074055
RBM43,-1.413450913,0.049096049,550.8390002
ZNF484,-1.296288506,0.049138708,278.6703156
RITA1,-1.187766242,0.049160474,1147.006943
FBXW2,-1.035330935,0.049190941,3001.675175
NA,2.391347696,0.049224184,13.12796245
CYCSP35,5.282051489,0.049231346,3.48124338
CRIP2,-1.051212936,0.049231346,17867.96045
,3.646514258,0.049251449,10.79459498
LINC00626,4.28398391,0.04926356,2.708642103
RNF128,-2.289912304,0.04926356,294.9828358
Metazoa_SRP,3.82355607,0.049266194,1.99943027
APPBP2,-1.037853437,0.049268995,1537.857353
,1.635992823,0.049270336,22.02509884
,3.486035481,0.049270336,8.644376549
CARM1P1,4.559517416,0.049270336,2.127192335
SNORA68B,2.28042912,0.049270336,12.99174378
,1.687187371,0.049300429,15.85590133
SAMD8,-1.114456431,0.049311228,1158.298663
SASS6,1.057749127,0.049316814,984.9676295
ECI2,-1.668627401,0.049343937,970.2567182
PAWR,-1.334613296,0.049370001,7250.744731
,1.844475628,0.049401713,202.6133399
SIGLEC17P,-2.671006367,0.049407479,51.99808615
SH3D21,-1.656433529,0.049436196,5796.292205
DPPA5,4.433627004,0.049436196,1.923906954
ERI2,-1.132226074,0.049477246,608.2820424
LINC01264,-2.910385991,0.049499667,5.486331344
,4.577695429,0.049523891,4.891411471
KIFC3,1.608037483,0.049523891,3892.601183
SNTN,-2.696580635,0.049531817,17.18911263
C1QTNF6,-1.387586455,0.049534991,2914.865053
TPBG,-1.728502866,0.049601147,3954.294668
DIP2C-AS1,1.959407187,0.049601147,390.3824379
LRRC49,-1.523152288,0.049601147,299.3383137
SPCS2P4,-1.390403202,0.049614491,43.17701717
PROSER2,-1.137556867,0.049614491,654.9168227
,1.94030966,0.049614594,11.0629961
,1.894074545,0.049614594,20.5616448
IKZF5,-1.080273641,0.049614594,932.0942814
SREBF1,-1.701642628,0.049614594,42379.05185
FBXO38,-1.073040092,0.04962304,1632.175178
NOMO3,-1.169232408,0.049625873,276.916604
RNU2-35P,3.769857267,0.049627234,1.934487782
PRG2,2.998906896,0.04965357,14.5853077
ALDOB,-2.025941619,0.049663607,14.72992952
IGHA1,-2.909998317,0.049691993,33826.99671
GGH,2.10565851,0.049696901,644.0893079
ZNF157,2.005774616,0.049718564,10.83549992
CLLU1,2.989367486,0.04973285,7.745804181
WWC2,-1.497338365,0.049733567,1388.547767
,-4.658050031,0.049734043,2.339616125
RNU6-892P,2.600430665,0.04976316,4.861791786
ALDH6A1,-1.290679351,0.049768704,1713.780271
RXFP3,-3.89688189,0.049779474,3.323115524
MRFAP1L2,-1.146149444,0.049785833,1029.319738
FAM47E,-2.00505255,0.049803346,227.0681345
CITED1,-3.473136254,0.049803346,30.47251279
LRRC34,1.87714065,0.049833881,86.53098861
DTX3,-1.202717561,0.049856272,5207.768931
INTS4P1,1.921321697,0.049871667,148.8821107
MYO1D,-1.401861464,0.049896048,5596.168967
,1.433024972,0.049947607,91.42497155
MAP3K5-AS1,1.416217605,0.049975802,17.19662535
